Processing ./build_repair_v2/setuptools-58.0.4-py3-none-any.whl
Installing collected packages: setuptools
  Attempting uninstall: setuptools
    Found existing installation: setuptools 47.1.0
    Uninstalling setuptools-47.1.0:
      Successfully uninstalled setuptools-47.1.0
Successfully installed setuptools-58.0.4
BUILD_TOOL_VERSION_CHECK_PASS
running build_ext
building 'pcdet.ops.pointnet2.pointnet2_stack.pointnet2_stack_cuda' extension
creating build
creating build/temp.linux-x86_64-3.7
creating build/temp.linux-x86_64-3.7/pcdet
creating build/temp.linux-x86_64-3.7/pcdet/ops
creating build/temp.linux-x86_64-3.7/pcdet/ops/pointnet2
creating build/temp.linux-x86_64-3.7/pcdet/ops/pointnet2/pointnet2_stack
creating build/temp.linux-x86_64-3.7/pcdet/ops/pointnet2/pointnet2_stack/src
gcc -pthread -B /opt/anaconda1anaconda2anaconda3/compiler_compat -Wl,--sysroot=/ -Wsign-compare -DNDEBUG -g -fwrapv -O3 -Wall -Wstrict-prototypes -fPIC -I/root/miniconda3/envs/bdetr/lib/python3.7/site-packages/torch/include -I/root/miniconda3/envs/bdetr/lib/python3.7/site-packages/torch/include/torch/csrc/api/include -I/root/miniconda3/envs/bdetr/lib/python3.7/site-packages/torch/include/TH -I/root/miniconda3/envs/bdetr/lib/python3.7/site-packages/torch/include/THC -I/usr/local/cuda/include -I/root/autodl-tmp/mcln_pvground_runtime_20260908_v1/venv/include -I/root/miniconda3/envs/bdetr/include/python3.7m -c pcdet/ops/pointnet2/pointnet2_stack/src/ball_query.cpp -o build/temp.linux-x86_64-3.7/pcdet/ops/pointnet2/pointnet2_stack/src/ball_query.o -DTORCH_API_INCLUDE_EXTENSION_H -DPYBIND11_COMPILER_TYPE="_gcc" -DPYBIND11_STDLIB="_libstdcpp" -DPYBIND11_BUILD_ABI="_cxxabi1011" -DTORCH_EXTENSION_NAME=pointnet2_stack_cuda -D_GLIBCXX_USE_CXX11_ABI=0 -std=c++14
cc1plus: warning: command line option ‘-Wstrict-prototypes’ is valid for C/ObjC but not for C++
pcdet/ops/pointnet2/pointnet2_stack/src/ball_query.cpp: In function ‘int ball_query_wrapper_stack(int, int, float, int, at::Tensor, at::Tensor, at::Tensor, at::Tensor, at::Tensor)’:
pcdet/ops/pointnet2/pointnet2_stack/src/ball_query.cpp:15:15: warning: ‘at::DeprecatedTypeProperties& at::Tensor::type() const’ is deprecated: Tensor.type() is deprecated. Instead use Tensor.options(), which in many cases (e.g. in a constructor) is a drop-in replacement. If you were using data from type(), that is now available from Tensor itself, so instead of tensor.type().scalar_type(), use tensor.scalar_type() instead and instead of tensor.type().backend() use tensor.device(). [-Wdeprecated-declarations]
   15 |   if (!x.type().is_cuda()) { \
      |               ^
pcdet/ops/pointnet2/pointnet2_stack/src/ball_query.cpp:26:24: note: in expansion of macro ‘CHECK_CUDA’
   26 | #define CHECK_INPUT(x) CHECK_CUDA(x);CHECK_CONTIGUOUS(x)
      |                        ^~~~~~~~~~
pcdet/ops/pointnet2/pointnet2_stack/src/ball_query.cpp:32:5: note: in expansion of macro ‘CHECK_INPUT’
   32 |     CHECK_INPUT(new_xyz_tensor);
      |     ^~~~~~~~~~~
In file included from /root/miniconda3/envs/bdetr/lib/python3.7/site-packages/torch/include/ATen/Tensor.h:3,
                 from /root/miniconda3/envs/bdetr/lib/python3.7/site-packages/torch/include/ATen/Context.h:4,
                 from /root/miniconda3/envs/bdetr/lib/python3.7/site-packages/torch/include/ATen/ATen.h:9,
                 from /root/miniconda3/envs/bdetr/lib/python3.7/site-packages/torch/include/torch/csrc/api/include/torch/types.h:3,
                 from /root/miniconda3/envs/bdetr/lib/python3.7/site-packages/torch/include/torch/csrc/api/include/torch/serialize/input-archive.h:6,
                 from /root/miniconda3/envs/bdetr/lib/python3.7/site-packages/torch/include/torch/csrc/api/include/torch/serialize/archive.h:3,
                 from /root/miniconda3/envs/bdetr/lib/python3.7/site-packages/torch/include/torch/csrc/api/include/torch/serialize/tensor.h:3,
                 from pcdet/ops/pointnet2/pointnet2_stack/src/ball_query.cpp:8:
/root/miniconda3/envs/bdetr/lib/python3.7/site-packages/torch/include/ATen/core/TensorBody.h:194:30: note: declared here
  194 |   DeprecatedTypeProperties & type() const {
      |                              ^~~~
pcdet/ops/pointnet2/pointnet2_stack/src/ball_query.cpp:15:15: warning: ‘at::DeprecatedTypeProperties& at::Tensor::type() const’ is deprecated: Tensor.type() is deprecated. Instead use Tensor.options(), which in many cases (e.g. in a constructor) is a drop-in replacement. If you were using data from type(), that is now available from Tensor itself, so instead of tensor.type().scalar_type(), use tensor.scalar_type() instead and instead of tensor.type().backend() use tensor.device(). [-Wdeprecated-declarations]
   15 |   if (!x.type().is_cuda()) { \
      |               ^
pcdet/ops/pointnet2/pointnet2_stack/src/ball_query.cpp:26:24: note: in expansion of macro ‘CHECK_CUDA’
   26 | #define CHECK_INPUT(x) CHECK_CUDA(x);CHECK_CONTIGUOUS(x)
      |                        ^~~~~~~~~~
pcdet/ops/pointnet2/pointnet2_stack/src/ball_query.cpp:33:5: note: in expansion of macro ‘CHECK_INPUT’
   33 |     CHECK_INPUT(xyz_tensor);
      |     ^~~~~~~~~~~
In file included from /root/miniconda3/envs/bdetr/lib/python3.7/site-packages/torch/include/ATen/Tensor.h:3,
                 from /root/miniconda3/envs/bdetr/lib/python3.7/site-packages/torch/include/ATen/Context.h:4,
                 from /root/miniconda3/envs/bdetr/lib/python3.7/site-packages/torch/include/ATen/ATen.h:9,
                 from /root/miniconda3/envs/bdetr/lib/python3.7/site-packages/torch/include/torch/csrc/api/include/torch/types.h:3,
                 from /root/miniconda3/envs/bdetr/lib/python3.7/site-packages/torch/include/torch/csrc/api/include/torch/serialize/input-archive.h:6,
                 from /root/miniconda3/envs/bdetr/lib/python3.7/site-packages/torch/include/torch/csrc/api/include/torch/serialize/archive.h:3,
                 from /root/miniconda3/envs/bdetr/lib/python3.7/site-packages/torch/include/torch/csrc/api/include/torch/serialize/tensor.h:3,
                 from pcdet/ops/pointnet2/pointnet2_stack/src/ball_query.cpp:8:
/root/miniconda3/envs/bdetr/lib/python3.7/site-packages/torch/include/ATen/core/TensorBody.h:194:30: note: declared here
  194 |   DeprecatedTypeProperties & type() const {
      |                              ^~~~
pcdet/ops/pointnet2/pointnet2_stack/src/ball_query.cpp:15:15: warning: ‘at::DeprecatedTypeProperties& at::Tensor::type() const’ is deprecated: Tensor.type() is deprecated. Instead use Tensor.options(), which in many cases (e.g. in a constructor) is a drop-in replacement. If you were using data from type(), that is now available from Tensor itself, so instead of tensor.type().scalar_type(), use tensor.scalar_type() instead and instead of tensor.type().backend() use tensor.device(). [-Wdeprecated-declarations]
   15 |   if (!x.type().is_cuda()) { \
      |               ^
pcdet/ops/pointnet2/pointnet2_stack/src/ball_query.cpp:26:24: note: in expansion of macro ‘CHECK_CUDA’
   26 | #define CHECK_INPUT(x) CHECK_CUDA(x);CHECK_CONTIGUOUS(x)
      |                        ^~~~~~~~~~
pcdet/ops/pointnet2/pointnet2_stack/src/ball_query.cpp:34:5: note: in expansion of macro ‘CHECK_INPUT’
   34 |     CHECK_INPUT(new_xyz_batch_cnt_tensor);
      |     ^~~~~~~~~~~
In file included from /root/miniconda3/envs/bdetr/lib/python3.7/site-packages/torch/include/ATen/Tensor.h:3,
                 from /root/miniconda3/envs/bdetr/lib/python3.7/site-packages/torch/include/ATen/Context.h:4,
                 from /root/miniconda3/envs/bdetr/lib/python3.7/site-packages/torch/include/ATen/ATen.h:9,
                 from /root/miniconda3/envs/bdetr/lib/python3.7/site-packages/torch/include/torch/csrc/api/include/torch/types.h:3,
                 from /root/miniconda3/envs/bdetr/lib/python3.7/site-packages/torch/include/torch/csrc/api/include/torch/serialize/input-archive.h:6,
                 from /root/miniconda3/envs/bdetr/lib/python3.7/site-packages/torch/include/torch/csrc/api/include/torch/serialize/archive.h:3,
                 from /root/miniconda3/envs/bdetr/lib/python3.7/site-packages/torch/include/torch/csrc/api/include/torch/serialize/tensor.h:3,
                 from pcdet/ops/pointnet2/pointnet2_stack/src/ball_query.cpp:8:
/root/miniconda3/envs/bdetr/lib/python3.7/site-packages/torch/include/ATen/core/TensorBody.h:194:30: note: declared here
  194 |   DeprecatedTypeProperties & type() const {
      |                              ^~~~
pcdet/ops/pointnet2/pointnet2_stack/src/ball_query.cpp:15:15: warning: ‘at::DeprecatedTypeProperties& at::Tensor::type() const’ is deprecated: Tensor.type() is deprecated. Instead use Tensor.options(), which in many cases (e.g. in a constructor) is a drop-in replacement. If you were using data from type(), that is now available from Tensor itself, so instead of tensor.type().scalar_type(), use tensor.scalar_type() instead and instead of tensor.type().backend() use tensor.device(). [-Wdeprecated-declarations]
   15 |   if (!x.type().is_cuda()) { \
      |               ^
pcdet/ops/pointnet2/pointnet2_stack/src/ball_query.cpp:26:24: note: in expansion of macro ‘CHECK_CUDA’
   26 | #define CHECK_INPUT(x) CHECK_CUDA(x);CHECK_CONTIGUOUS(x)
      |                        ^~~~~~~~~~
pcdet/ops/pointnet2/pointnet2_stack/src/ball_query.cpp:35:5: note: in expansion of macro ‘CHECK_INPUT’
   35 |     CHECK_INPUT(xyz_batch_cnt_tensor);
      |     ^~~~~~~~~~~
In file included from /root/miniconda3/envs/bdetr/lib/python3.7/site-packages/torch/include/ATen/Tensor.h:3,
                 from /root/miniconda3/envs/bdetr/lib/python3.7/site-packages/torch/include/ATen/Context.h:4,
                 from /root/miniconda3/envs/bdetr/lib/python3.7/site-packages/torch/include/ATen/ATen.h:9,
                 from /root/miniconda3/envs/bdetr/lib/python3.7/site-packages/torch/include/torch/csrc/api/include/torch/types.h:3,
                 from /root/miniconda3/envs/bdetr/lib/python3.7/site-packages/torch/include/torch/csrc/api/include/torch/serialize/input-archive.h:6,
                 from /root/miniconda3/envs/bdetr/lib/python3.7/site-packages/torch/include/torch/csrc/api/include/torch/serialize/archive.h:3,
                 from /root/miniconda3/envs/bdetr/lib/python3.7/site-packages/torch/include/torch/csrc/api/include/torch/serialize/tensor.h:3,
                 from pcdet/ops/pointnet2/pointnet2_stack/src/ball_query.cpp:8:
/root/miniconda3/envs/bdetr/lib/python3.7/site-packages/torch/include/ATen/core/TensorBody.h:194:30: note: declared here
  194 |   DeprecatedTypeProperties & type() const {
      |                              ^~~~
pcdet/ops/pointnet2/pointnet2_stack/src/ball_query.cpp:37:55: warning: ‘T* at::Tensor::data() const [with T = float]’ is deprecated: Tensor.data<T>() is deprecated. Please use Tensor.data_ptr<T>() instead. [-Wdeprecated-declarations]
   37 |     const float *new_xyz = new_xyz_tensor.data<float>();
      |                                                       ^
In file included from /root/miniconda3/envs/bdetr/lib/python3.7/site-packages/torch/include/ATen/Tensor.h:3,
                 from /root/miniconda3/envs/bdetr/lib/python3.7/site-packages/torch/include/ATen/Context.h:4,
                 from /root/miniconda3/envs/bdetr/lib/python3.7/site-packages/torch/include/ATen/ATen.h:9,
                 from /root/miniconda3/envs/bdetr/lib/python3.7/site-packages/torch/include/torch/csrc/api/include/torch/types.h:3,
                 from /root/miniconda3/envs/bdetr/lib/python3.7/site-packages/torch/include/torch/csrc/api/include/torch/serialize/input-archive.h:6,
                 from /root/miniconda3/envs/bdetr/lib/python3.7/site-packages/torch/include/torch/csrc/api/include/torch/serialize/archive.h:3,
                 from /root/miniconda3/envs/bdetr/lib/python3.7/site-packages/torch/include/torch/csrc/api/include/torch/serialize/tensor.h:3,
                 from pcdet/ops/pointnet2/pointnet2_stack/src/ball_query.cpp:8:
/root/miniconda3/envs/bdetr/lib/python3.7/site-packages/torch/include/ATen/core/TensorBody.h:216:7: note: declared here
  216 |   T * data() const {
      |       ^~~~
pcdet/ops/pointnet2/pointnet2_stack/src/ball_query.cpp:38:47: warning: ‘T* at::Tensor::data() const [with T = float]’ is deprecated: Tensor.data<T>() is deprecated. Please use Tensor.data_ptr<T>() instead. [-Wdeprecated-declarations]
   38 |     const float *xyz = xyz_tensor.data<float>();
      |                                               ^
In file included from /root/miniconda3/envs/bdetr/lib/python3.7/site-packages/torch/include/ATen/Tensor.h:3,
                 from /root/miniconda3/envs/bdetr/lib/python3.7/site-packages/torch/include/ATen/Context.h:4,
                 from /root/miniconda3/envs/bdetr/lib/python3.7/site-packages/torch/include/ATen/ATen.h:9,
                 from /root/miniconda3/envs/bdetr/lib/python3.7/site-packages/torch/include/torch/csrc/api/include/torch/types.h:3,
                 from /root/miniconda3/envs/bdetr/lib/python3.7/site-packages/torch/include/torch/csrc/api/include/torch/serialize/input-archive.h:6,
                 from /root/miniconda3/envs/bdetr/lib/python3.7/site-packages/torch/include/torch/csrc/api/include/torch/serialize/archive.h:3,
                 from /root/miniconda3/envs/bdetr/lib/python3.7/site-packages/torch/include/torch/csrc/api/include/torch/serialize/tensor.h:3,
                 from pcdet/ops/pointnet2/pointnet2_stack/src/ball_query.cpp:8:
/root/miniconda3/envs/bdetr/lib/python3.7/site-packages/torch/include/ATen/core/TensorBody.h:216:7: note: declared here
  216 |   T * data() const {
      |       ^~~~
pcdet/ops/pointnet2/pointnet2_stack/src/ball_query.cpp:39:71: warning: ‘T* at::Tensor::data() const [with T = int]’ is deprecated: Tensor.data<T>() is deprecated. Please use Tensor.data_ptr<T>() instead. [-Wdeprecated-declarations]
   39 |     const int *new_xyz_batch_cnt = new_xyz_batch_cnt_tensor.data<int>();
      |                                                                       ^
In file included from /root/miniconda3/envs/bdetr/lib/python3.7/site-packages/torch/include/ATen/Tensor.h:3,
                 from /root/miniconda3/envs/bdetr/lib/python3.7/site-packages/torch/include/ATen/Context.h:4,
                 from /root/miniconda3/envs/bdetr/lib/python3.7/site-packages/torch/include/ATen/ATen.h:9,
                 from /root/miniconda3/envs/bdetr/lib/python3.7/site-packages/torch/include/torch/csrc/api/include/torch/types.h:3,
                 from /root/miniconda3/envs/bdetr/lib/python3.7/site-packages/torch/include/torch/csrc/api/include/torch/serialize/input-archive.h:6,
                 from /root/miniconda3/envs/bdetr/lib/python3.7/site-packages/torch/include/torch/csrc/api/include/torch/serialize/archive.h:3,
                 from /root/miniconda3/envs/bdetr/lib/python3.7/site-packages/torch/include/torch/csrc/api/include/torch/serialize/tensor.h:3,
                 from pcdet/ops/pointnet2/pointnet2_stack/src/ball_query.cpp:8:
/root/miniconda3/envs/bdetr/lib/python3.7/site-packages/torch/include/ATen/core/TensorBody.h:216:7: note: declared here
  216 |   T * data() const {
      |       ^~~~
pcdet/ops/pointnet2/pointnet2_stack/src/ball_query.cpp:40:63: warning: ‘T* at::Tensor::data() const [with T = int]’ is deprecated: Tensor.data<T>() is deprecated. Please use Tensor.data_ptr<T>() instead. [-Wdeprecated-declarations]
   40 |     const int *xyz_batch_cnt = xyz_batch_cnt_tensor.data<int>();
      |                                                               ^
In file included from /root/miniconda3/envs/bdetr/lib/python3.7/site-packages/torch/include/ATen/Tensor.h:3,
                 from /root/miniconda3/envs/bdetr/lib/python3.7/site-packages/torch/include/ATen/Context.h:4,
                 from /root/miniconda3/envs/bdetr/lib/python3.7/site-packages/torch/include/ATen/ATen.h:9,
                 from /root/miniconda3/envs/bdetr/lib/python3.7/site-packages/torch/include/torch/csrc/api/include/torch/types.h:3,
                 from /root/miniconda3/envs/bdetr/lib/python3.7/site-packages/torch/include/torch/csrc/api/include/torch/serialize/input-archive.h:6,
                 from /root/miniconda3/envs/bdetr/lib/python3.7/site-packages/torch/include/torch/csrc/api/include/torch/serialize/archive.h:3,
                 from /root/miniconda3/envs/bdetr/lib/python3.7/site-packages/torch/include/torch/csrc/api/include/torch/serialize/tensor.h:3,
                 from pcdet/ops/pointnet2/pointnet2_stack/src/ball_query.cpp:8:
/root/miniconda3/envs/bdetr/lib/python3.7/site-packages/torch/include/ATen/core/TensorBody.h:216:7: note: declared here
  216 |   T * data() const {
      |       ^~~~
pcdet/ops/pointnet2/pointnet2_stack/src/ball_query.cpp:41:37: warning: ‘T* at::Tensor::data() const [with T = int]’ is deprecated: Tensor.data<T>() is deprecated. Please use Tensor.data_ptr<T>() instead. [-Wdeprecated-declarations]
   41 |     int *idx = idx_tensor.data<int>();
      |                                     ^
In file included from /root/miniconda3/envs/bdetr/lib/python3.7/site-packages/torch/include/ATen/Tensor.h:3,
                 from /root/miniconda3/envs/bdetr/lib/python3.7/site-packages/torch/include/ATen/Context.h:4,
                 from /root/miniconda3/envs/bdetr/lib/python3.7/site-packages/torch/include/ATen/ATen.h:9,
                 from /root/miniconda3/envs/bdetr/lib/python3.7/site-packages/torch/include/torch/csrc/api/include/torch/types.h:3,
                 from /root/miniconda3/envs/bdetr/lib/python3.7/site-packages/torch/include/torch/csrc/api/include/torch/serialize/input-archive.h:6,
                 from /root/miniconda3/envs/bdetr/lib/python3.7/site-packages/torch/include/torch/csrc/api/include/torch/serialize/archive.h:3,
                 from /root/miniconda3/envs/bdetr/lib/python3.7/site-packages/torch/include/torch/csrc/api/include/torch/serialize/tensor.h:3,
                 from pcdet/ops/pointnet2/pointnet2_stack/src/ball_query.cpp:8:
/root/miniconda3/envs/bdetr/lib/python3.7/site-packages/torch/include/ATen/core/TensorBody.h:216:7: note: declared here
  216 |   T * data() const {
      |       ^~~~
/usr/local/cuda/bin/nvcc -I/root/miniconda3/envs/bdetr/lib/python3.7/site-packages/torch/include -I/root/miniconda3/envs/bdetr/lib/python3.7/site-packages/torch/include/torch/csrc/api/include -I/root/miniconda3/envs/bdetr/lib/python3.7/site-packages/torch/include/TH -I/root/miniconda3/envs/bdetr/lib/python3.7/site-packages/torch/include/THC -I/usr/local/cuda/include -I/root/autodl-tmp/mcln_pvground_runtime_20260908_v1/venv/include -I/root/miniconda3/envs/bdetr/include/python3.7m -c pcdet/ops/pointnet2/pointnet2_stack/src/ball_query_gpu.cu -o build/temp.linux-x86_64-3.7/pcdet/ops/pointnet2/pointnet2_stack/src/ball_query_gpu.o -D__CUDA_NO_HALF_OPERATORS__ -D__CUDA_NO_HALF_CONVERSIONS__ -D__CUDA_NO_BFLOAT16_CONVERSIONS__ -D__CUDA_NO_HALF2_OPERATORS__ --expt-relaxed-constexpr --compiler-options '-fPIC' -DTORCH_API_INCLUDE_EXTENSION_H -DPYBIND11_COMPILER_TYPE="_gcc" -DPYBIND11_STDLIB="_libstdcpp" -DPYBIND11_BUILD_ABI="_cxxabi1011" -DTORCH_EXTENSION_NAME=pointnet2_stack_cuda -D_GLIBCXX_USE_CXX11_ABI=0 -gencode=arch=compute_80,code=sm_80 -std=c++14
/root/miniconda3/envs/bdetr/lib/python3.7/site-packages/torch/include/ATen/core/builtin_function.h(110): warning #20236-D: pragma "diag_suppress" is deprecated, use "nv_diag_suppress" instead

/root/miniconda3/envs/bdetr/lib/python3.7/site-packages/torch/include/ATen/core/builtin_function.h(117): warning #20236-D: pragma "diag_default" is deprecated, use "nv_diag_default" instead

/root/miniconda3/envs/bdetr/lib/python3.7/site-packages/torch/include/ATen/core/builtin_function.h(110): warning #20236-D: pragma "diag_suppress" is deprecated, use "nv_diag_suppress" instead

/root/miniconda3/envs/bdetr/lib/python3.7/site-packages/torch/include/ATen/core/builtin_function.h(117): warning #20236-D: pragma "diag_default" is deprecated, use "nv_diag_default" instead

/root/miniconda3/envs/bdetr/lib/python3.7/site-packages/torch/include/ATen/core/builtin_function.h(110): warning #20236-D: pragma "diag_suppress" is deprecated, use "nv_diag_suppress" instead

/root/miniconda3/envs/bdetr/lib/python3.7/site-packages/torch/include/ATen/core/builtin_function.h(117): warning #20236-D: pragma "diag_default" is deprecated, use "nv_diag_default" instead

/root/miniconda3/envs/bdetr/lib/python3.7/site-packages/torch/include/ATen/core/builtin_function.h(110): warning #20236-D: pragma "diag_suppress" is deprecated, use "nv_diag_suppress" instead

/root/miniconda3/envs/bdetr/lib/python3.7/site-packages/torch/include/ATen/core/builtin_function.h(117): warning #20236-D: pragma "diag_default" is deprecated, use "nv_diag_default" instead

gcc -pthread -B /opt/anaconda1anaconda2anaconda3/compiler_compat -Wl,--sysroot=/ -Wsign-compare -DNDEBUG -g -fwrapv -O3 -Wall -Wstrict-prototypes -fPIC -I/root/miniconda3/envs/bdetr/lib/python3.7/site-packages/torch/include -I/root/miniconda3/envs/bdetr/lib/python3.7/site-packages/torch/include/torch/csrc/api/include -I/root/miniconda3/envs/bdetr/lib/python3.7/site-packages/torch/include/TH -I/root/miniconda3/envs/bdetr/lib/python3.7/site-packages/torch/include/THC -I/usr/local/cuda/include -I/root/autodl-tmp/mcln_pvground_runtime_20260908_v1/venv/include -I/root/miniconda3/envs/bdetr/include/python3.7m -c pcdet/ops/pointnet2/pointnet2_stack/src/group_points.cpp -o build/temp.linux-x86_64-3.7/pcdet/ops/pointnet2/pointnet2_stack/src/group_points.o -DTORCH_API_INCLUDE_EXTENSION_H -DPYBIND11_COMPILER_TYPE="_gcc" -DPYBIND11_STDLIB="_libstdcpp" -DPYBIND11_BUILD_ABI="_cxxabi1011" -DTORCH_EXTENSION_NAME=pointnet2_stack_cuda -D_GLIBCXX_USE_CXX11_ABI=0 -std=c++14
cc1plus: warning: command line option ‘-Wstrict-prototypes’ is valid for C/ObjC but not for C++
pcdet/ops/pointnet2/pointnet2_stack/src/group_points.cpp: In function ‘int group_points_grad_wrapper_stack(int, int, int, int, int, at::Tensor, at::Tensor, at::Tensor, at::Tensor, at::Tensor)’:
pcdet/ops/pointnet2/pointnet2_stack/src/group_points.cpp:15:15: warning: ‘at::DeprecatedTypeProperties& at::Tensor::type() const’ is deprecated: Tensor.type() is deprecated. Instead use Tensor.options(), which in many cases (e.g. in a constructor) is a drop-in replacement. If you were using data from type(), that is now available from Tensor itself, so instead of tensor.type().scalar_type(), use tensor.scalar_type() instead and instead of tensor.type().backend() use tensor.device(). [-Wdeprecated-declarations]
   15 |   if (!x.type().is_cuda()) { \
      |               ^
pcdet/ops/pointnet2/pointnet2_stack/src/group_points.cpp:26:24: note: in expansion of macro ‘CHECK_CUDA’
   26 | #define CHECK_INPUT(x) CHECK_CUDA(x);CHECK_CONTIGUOUS(x)
      |                        ^~~~~~~~~~
pcdet/ops/pointnet2/pointnet2_stack/src/group_points.cpp:33:5: note: in expansion of macro ‘CHECK_INPUT’
   33 |     CHECK_INPUT(grad_out_tensor);
      |     ^~~~~~~~~~~
In file included from /root/miniconda3/envs/bdetr/lib/python3.7/site-packages/torch/include/ATen/Tensor.h:3,
                 from /root/miniconda3/envs/bdetr/lib/python3.7/site-packages/torch/include/ATen/Context.h:4,
                 from /root/miniconda3/envs/bdetr/lib/python3.7/site-packages/torch/include/ATen/ATen.h:9,
                 from /root/miniconda3/envs/bdetr/lib/python3.7/site-packages/torch/include/torch/csrc/api/include/torch/types.h:3,
                 from /root/miniconda3/envs/bdetr/lib/python3.7/site-packages/torch/include/torch/csrc/api/include/torch/serialize/input-archive.h:6,
                 from /root/miniconda3/envs/bdetr/lib/python3.7/site-packages/torch/include/torch/csrc/api/include/torch/serialize/archive.h:3,
                 from /root/miniconda3/envs/bdetr/lib/python3.7/site-packages/torch/include/torch/csrc/api/include/torch/serialize/tensor.h:3,
                 from pcdet/ops/pointnet2/pointnet2_stack/src/group_points.cpp:8:
/root/miniconda3/envs/bdetr/lib/python3.7/site-packages/torch/include/ATen/core/TensorBody.h:194:30: note: declared here
  194 |   DeprecatedTypeProperties & type() const {
      |                              ^~~~
pcdet/ops/pointnet2/pointnet2_stack/src/group_points.cpp:15:15: warning: ‘at::DeprecatedTypeProperties& at::Tensor::type() const’ is deprecated: Tensor.type() is deprecated. Instead use Tensor.options(), which in many cases (e.g. in a constructor) is a drop-in replacement. If you were using data from type(), that is now available from Tensor itself, so instead of tensor.type().scalar_type(), use tensor.scalar_type() instead and instead of tensor.type().backend() use tensor.device(). [-Wdeprecated-declarations]
   15 |   if (!x.type().is_cuda()) { \
      |               ^
pcdet/ops/pointnet2/pointnet2_stack/src/group_points.cpp:26:24: note: in expansion of macro ‘CHECK_CUDA’
   26 | #define CHECK_INPUT(x) CHECK_CUDA(x);CHECK_CONTIGUOUS(x)
      |                        ^~~~~~~~~~
pcdet/ops/pointnet2/pointnet2_stack/src/group_points.cpp:34:5: note: in expansion of macro ‘CHECK_INPUT’
   34 |     CHECK_INPUT(idx_tensor);
      |     ^~~~~~~~~~~
In file included from /root/miniconda3/envs/bdetr/lib/python3.7/site-packages/torch/include/ATen/Tensor.h:3,
                 from /root/miniconda3/envs/bdetr/lib/python3.7/site-packages/torch/include/ATen/Context.h:4,
                 from /root/miniconda3/envs/bdetr/lib/python3.7/site-packages/torch/include/ATen/ATen.h:9,
                 from /root/miniconda3/envs/bdetr/lib/python3.7/site-packages/torch/include/torch/csrc/api/include/torch/types.h:3,
                 from /root/miniconda3/envs/bdetr/lib/python3.7/site-packages/torch/include/torch/csrc/api/include/torch/serialize/input-archive.h:6,
                 from /root/miniconda3/envs/bdetr/lib/python3.7/site-packages/torch/include/torch/csrc/api/include/torch/serialize/archive.h:3,
                 from /root/miniconda3/envs/bdetr/lib/python3.7/site-packages/torch/include/torch/csrc/api/include/torch/serialize/tensor.h:3,
                 from pcdet/ops/pointnet2/pointnet2_stack/src/group_points.cpp:8:
/root/miniconda3/envs/bdetr/lib/python3.7/site-packages/torch/include/ATen/core/TensorBody.h:194:30: note: declared here
  194 |   DeprecatedTypeProperties & type() const {
      |                              ^~~~
pcdet/ops/pointnet2/pointnet2_stack/src/group_points.cpp:15:15: warning: ‘at::DeprecatedTypeProperties& at::Tensor::type() const’ is deprecated: Tensor.type() is deprecated. Instead use Tensor.options(), which in many cases (e.g. in a constructor) is a drop-in replacement. If you were using data from type(), that is now available from Tensor itself, so instead of tensor.type().scalar_type(), use tensor.scalar_type() instead and instead of tensor.type().backend() use tensor.device(). [-Wdeprecated-declarations]
   15 |   if (!x.type().is_cuda()) { \
      |               ^
pcdet/ops/pointnet2/pointnet2_stack/src/group_points.cpp:26:24: note: in expansion of macro ‘CHECK_CUDA’
   26 | #define CHECK_INPUT(x) CHECK_CUDA(x);CHECK_CONTIGUOUS(x)
      |                        ^~~~~~~~~~
pcdet/ops/pointnet2/pointnet2_stack/src/group_points.cpp:35:5: note: in expansion of macro ‘CHECK_INPUT’
   35 |     CHECK_INPUT(idx_batch_cnt_tensor);
      |     ^~~~~~~~~~~
In file included from /root/miniconda3/envs/bdetr/lib/python3.7/site-packages/torch/include/ATen/Tensor.h:3,
                 from /root/miniconda3/envs/bdetr/lib/python3.7/site-packages/torch/include/ATen/Context.h:4,
                 from /root/miniconda3/envs/bdetr/lib/python3.7/site-packages/torch/include/ATen/ATen.h:9,
                 from /root/miniconda3/envs/bdetr/lib/python3.7/site-packages/torch/include/torch/csrc/api/include/torch/types.h:3,
                 from /root/miniconda3/envs/bdetr/lib/python3.7/site-packages/torch/include/torch/csrc/api/include/torch/serialize/input-archive.h:6,
                 from /root/miniconda3/envs/bdetr/lib/python3.7/site-packages/torch/include/torch/csrc/api/include/torch/serialize/archive.h:3,
                 from /root/miniconda3/envs/bdetr/lib/python3.7/site-packages/torch/include/torch/csrc/api/include/torch/serialize/tensor.h:3,
                 from pcdet/ops/pointnet2/pointnet2_stack/src/group_points.cpp:8:
/root/miniconda3/envs/bdetr/lib/python3.7/site-packages/torch/include/ATen/core/TensorBody.h:194:30: note: declared here
  194 |   DeprecatedTypeProperties & type() const {
      |                              ^~~~
pcdet/ops/pointnet2/pointnet2_stack/src/group_points.cpp:15:15: warning: ‘at::DeprecatedTypeProperties& at::Tensor::type() const’ is deprecated: Tensor.type() is deprecated. Instead use Tensor.options(), which in many cases (e.g. in a constructor) is a drop-in replacement. If you were using data from type(), that is now available from Tensor itself, so instead of tensor.type().scalar_type(), use tensor.scalar_type() instead and instead of tensor.type().backend() use tensor.device(). [-Wdeprecated-declarations]
   15 |   if (!x.type().is_cuda()) { \
      |               ^
pcdet/ops/pointnet2/pointnet2_stack/src/group_points.cpp:26:24: note: in expansion of macro ‘CHECK_CUDA’
   26 | #define CHECK_INPUT(x) CHECK_CUDA(x);CHECK_CONTIGUOUS(x)
      |                        ^~~~~~~~~~
pcdet/ops/pointnet2/pointnet2_stack/src/group_points.cpp:36:5: note: in expansion of macro ‘CHECK_INPUT’
   36 |     CHECK_INPUT(features_batch_cnt_tensor);
      |     ^~~~~~~~~~~
In file included from /root/miniconda3/envs/bdetr/lib/python3.7/site-packages/torch/include/ATen/Tensor.h:3,
                 from /root/miniconda3/envs/bdetr/lib/python3.7/site-packages/torch/include/ATen/Context.h:4,
                 from /root/miniconda3/envs/bdetr/lib/python3.7/site-packages/torch/include/ATen/ATen.h:9,
                 from /root/miniconda3/envs/bdetr/lib/python3.7/site-packages/torch/include/torch/csrc/api/include/torch/types.h:3,
                 from /root/miniconda3/envs/bdetr/lib/python3.7/site-packages/torch/include/torch/csrc/api/include/torch/serialize/input-archive.h:6,
                 from /root/miniconda3/envs/bdetr/lib/python3.7/site-packages/torch/include/torch/csrc/api/include/torch/serialize/archive.h:3,
                 from /root/miniconda3/envs/bdetr/lib/python3.7/site-packages/torch/include/torch/csrc/api/include/torch/serialize/tensor.h:3,
                 from pcdet/ops/pointnet2/pointnet2_stack/src/group_points.cpp:8:
/root/miniconda3/envs/bdetr/lib/python3.7/site-packages/torch/include/ATen/core/TensorBody.h:194:30: note: declared here
  194 |   DeprecatedTypeProperties & type() const {
      |                              ^~~~
pcdet/ops/pointnet2/pointnet2_stack/src/group_points.cpp:15:15: warning: ‘at::DeprecatedTypeProperties& at::Tensor::type() const’ is deprecated: Tensor.type() is deprecated. Instead use Tensor.options(), which in many cases (e.g. in a constructor) is a drop-in replacement. If you were using data from type(), that is now available from Tensor itself, so instead of tensor.type().scalar_type(), use tensor.scalar_type() instead and instead of tensor.type().backend() use tensor.device(). [-Wdeprecated-declarations]
   15 |   if (!x.type().is_cuda()) { \
      |               ^
pcdet/ops/pointnet2/pointnet2_stack/src/group_points.cpp:26:24: note: in expansion of macro ‘CHECK_CUDA’
   26 | #define CHECK_INPUT(x) CHECK_CUDA(x);CHECK_CONTIGUOUS(x)
      |                        ^~~~~~~~~~
pcdet/ops/pointnet2/pointnet2_stack/src/group_points.cpp:37:5: note: in expansion of macro ‘CHECK_INPUT’
   37 |     CHECK_INPUT(grad_features_tensor);
      |     ^~~~~~~~~~~
In file included from /root/miniconda3/envs/bdetr/lib/python3.7/site-packages/torch/include/ATen/Tensor.h:3,
                 from /root/miniconda3/envs/bdetr/lib/python3.7/site-packages/torch/include/ATen/Context.h:4,
                 from /root/miniconda3/envs/bdetr/lib/python3.7/site-packages/torch/include/ATen/ATen.h:9,
                 from /root/miniconda3/envs/bdetr/lib/python3.7/site-packages/torch/include/torch/csrc/api/include/torch/types.h:3,
                 from /root/miniconda3/envs/bdetr/lib/python3.7/site-packages/torch/include/torch/csrc/api/include/torch/serialize/input-archive.h:6,
                 from /root/miniconda3/envs/bdetr/lib/python3.7/site-packages/torch/include/torch/csrc/api/include/torch/serialize/archive.h:3,
                 from /root/miniconda3/envs/bdetr/lib/python3.7/site-packages/torch/include/torch/csrc/api/include/torch/serialize/tensor.h:3,
                 from pcdet/ops/pointnet2/pointnet2_stack/src/group_points.cpp:8:
/root/miniconda3/envs/bdetr/lib/python3.7/site-packages/torch/include/ATen/core/TensorBody.h:194:30: note: declared here
  194 |   DeprecatedTypeProperties & type() const {
      |                              ^~~~
pcdet/ops/pointnet2/pointnet2_stack/src/group_points.cpp:39:57: warning: ‘T* at::Tensor::data() const [with T = float]’ is deprecated: Tensor.data<T>() is deprecated. Please use Tensor.data_ptr<T>() instead. [-Wdeprecated-declarations]
   39 |     const float *grad_out = grad_out_tensor.data<float>();
      |                                                         ^
In file included from /root/miniconda3/envs/bdetr/lib/python3.7/site-packages/torch/include/ATen/Tensor.h:3,
                 from /root/miniconda3/envs/bdetr/lib/python3.7/site-packages/torch/include/ATen/Context.h:4,
                 from /root/miniconda3/envs/bdetr/lib/python3.7/site-packages/torch/include/ATen/ATen.h:9,
                 from /root/miniconda3/envs/bdetr/lib/python3.7/site-packages/torch/include/torch/csrc/api/include/torch/types.h:3,
                 from /root/miniconda3/envs/bdetr/lib/python3.7/site-packages/torch/include/torch/csrc/api/include/torch/serialize/input-archive.h:6,
                 from /root/miniconda3/envs/bdetr/lib/python3.7/site-packages/torch/include/torch/csrc/api/include/torch/serialize/archive.h:3,
                 from /root/miniconda3/envs/bdetr/lib/python3.7/site-packages/torch/include/torch/csrc/api/include/torch/serialize/tensor.h:3,
                 from pcdet/ops/pointnet2/pointnet2_stack/src/group_points.cpp:8:
/root/miniconda3/envs/bdetr/lib/python3.7/site-packages/torch/include/ATen/core/TensorBody.h:216:7: note: declared here
  216 |   T * data() const {
      |       ^~~~
pcdet/ops/pointnet2/pointnet2_stack/src/group_points.cpp:40:43: warning: ‘T* at::Tensor::data() const [with T = int]’ is deprecated: Tensor.data<T>() is deprecated. Please use Tensor.data_ptr<T>() instead. [-Wdeprecated-declarations]
   40 |     const int *idx = idx_tensor.data<int>();
      |                                           ^
In file included from /root/miniconda3/envs/bdetr/lib/python3.7/site-packages/torch/include/ATen/Tensor.h:3,
                 from /root/miniconda3/envs/bdetr/lib/python3.7/site-packages/torch/include/ATen/Context.h:4,
                 from /root/miniconda3/envs/bdetr/lib/python3.7/site-packages/torch/include/ATen/ATen.h:9,
                 from /root/miniconda3/envs/bdetr/lib/python3.7/site-packages/torch/include/torch/csrc/api/include/torch/types.h:3,
                 from /root/miniconda3/envs/bdetr/lib/python3.7/site-packages/torch/include/torch/csrc/api/include/torch/serialize/input-archive.h:6,
                 from /root/miniconda3/envs/bdetr/lib/python3.7/site-packages/torch/include/torch/csrc/api/include/torch/serialize/archive.h:3,
                 from /root/miniconda3/envs/bdetr/lib/python3.7/site-packages/torch/include/torch/csrc/api/include/torch/serialize/tensor.h:3,
                 from pcdet/ops/pointnet2/pointnet2_stack/src/group_points.cpp:8:
/root/miniconda3/envs/bdetr/lib/python3.7/site-packages/torch/include/ATen/core/TensorBody.h:216:7: note: declared here
  216 |   T * data() const {
      |       ^~~~
pcdet/ops/pointnet2/pointnet2_stack/src/group_points.cpp:41:63: warning: ‘T* at::Tensor::data() const [with T = int]’ is deprecated: Tensor.data<T>() is deprecated. Please use Tensor.data_ptr<T>() instead. [-Wdeprecated-declarations]
   41 |     const int *idx_batch_cnt = idx_batch_cnt_tensor.data<int>();
      |                                                               ^
In file included from /root/miniconda3/envs/bdetr/lib/python3.7/site-packages/torch/include/ATen/Tensor.h:3,
                 from /root/miniconda3/envs/bdetr/lib/python3.7/site-packages/torch/include/ATen/Context.h:4,
                 from /root/miniconda3/envs/bdetr/lib/python3.7/site-packages/torch/include/ATen/ATen.h:9,
                 from /root/miniconda3/envs/bdetr/lib/python3.7/site-packages/torch/include/torch/csrc/api/include/torch/types.h:3,
                 from /root/miniconda3/envs/bdetr/lib/python3.7/site-packages/torch/include/torch/csrc/api/include/torch/serialize/input-archive.h:6,
                 from /root/miniconda3/envs/bdetr/lib/python3.7/site-packages/torch/include/torch/csrc/api/include/torch/serialize/archive.h:3,
                 from /root/miniconda3/envs/bdetr/lib/python3.7/site-packages/torch/include/torch/csrc/api/include/torch/serialize/tensor.h:3,
                 from pcdet/ops/pointnet2/pointnet2_stack/src/group_points.cpp:8:
/root/miniconda3/envs/bdetr/lib/python3.7/site-packages/torch/include/ATen/core/TensorBody.h:216:7: note: declared here
  216 |   T * data() const {
      |       ^~~~
pcdet/ops/pointnet2/pointnet2_stack/src/group_points.cpp:42:73: warning: ‘T* at::Tensor::data() const [with T = int]’ is deprecated: Tensor.data<T>() is deprecated. Please use Tensor.data_ptr<T>() instead. [-Wdeprecated-declarations]
   42 |     const int *features_batch_cnt = features_batch_cnt_tensor.data<int>();
      |                                                                         ^
In file included from /root/miniconda3/envs/bdetr/lib/python3.7/site-packages/torch/include/ATen/Tensor.h:3,
                 from /root/miniconda3/envs/bdetr/lib/python3.7/site-packages/torch/include/ATen/Context.h:4,
                 from /root/miniconda3/envs/bdetr/lib/python3.7/site-packages/torch/include/ATen/ATen.h:9,
                 from /root/miniconda3/envs/bdetr/lib/python3.7/site-packages/torch/include/torch/csrc/api/include/torch/types.h:3,
                 from /root/miniconda3/envs/bdetr/lib/python3.7/site-packages/torch/include/torch/csrc/api/include/torch/serialize/input-archive.h:6,
                 from /root/miniconda3/envs/bdetr/lib/python3.7/site-packages/torch/include/torch/csrc/api/include/torch/serialize/archive.h:3,
                 from /root/miniconda3/envs/bdetr/lib/python3.7/site-packages/torch/include/torch/csrc/api/include/torch/serialize/tensor.h:3,
                 from pcdet/ops/pointnet2/pointnet2_stack/src/group_points.cpp:8:
/root/miniconda3/envs/bdetr/lib/python3.7/site-packages/torch/include/ATen/core/TensorBody.h:216:7: note: declared here
  216 |   T * data() const {
      |       ^~~~
pcdet/ops/pointnet2/pointnet2_stack/src/group_points.cpp:43:61: warning: ‘T* at::Tensor::data() const [with T = float]’ is deprecated: Tensor.data<T>() is deprecated. Please use Tensor.data_ptr<T>() instead. [-Wdeprecated-declarations]
   43 |     float *grad_features = grad_features_tensor.data<float>();
      |                                                             ^
In file included from /root/miniconda3/envs/bdetr/lib/python3.7/site-packages/torch/include/ATen/Tensor.h:3,
                 from /root/miniconda3/envs/bdetr/lib/python3.7/site-packages/torch/include/ATen/Context.h:4,
                 from /root/miniconda3/envs/bdetr/lib/python3.7/site-packages/torch/include/ATen/ATen.h:9,
                 from /root/miniconda3/envs/bdetr/lib/python3.7/site-packages/torch/include/torch/csrc/api/include/torch/types.h:3,
                 from /root/miniconda3/envs/bdetr/lib/python3.7/site-packages/torch/include/torch/csrc/api/include/torch/serialize/input-archive.h:6,
                 from /root/miniconda3/envs/bdetr/lib/python3.7/site-packages/torch/include/torch/csrc/api/include/torch/serialize/archive.h:3,
                 from /root/miniconda3/envs/bdetr/lib/python3.7/site-packages/torch/include/torch/csrc/api/include/torch/serialize/tensor.h:3,
                 from pcdet/ops/pointnet2/pointnet2_stack/src/group_points.cpp:8:
/root/miniconda3/envs/bdetr/lib/python3.7/site-packages/torch/include/ATen/core/TensorBody.h:216:7: note: declared here
  216 |   T * data() const {
      |       ^~~~
pcdet/ops/pointnet2/pointnet2_stack/src/group_points.cpp: In function ‘int group_points_wrapper_stack(int, int, int, int, at::Tensor, at::Tensor, at::Tensor, at::Tensor, at::Tensor)’:
pcdet/ops/pointnet2/pointnet2_stack/src/group_points.cpp:15:15: warning: ‘at::DeprecatedTypeProperties& at::Tensor::type() const’ is deprecated: Tensor.type() is deprecated. Instead use Tensor.options(), which in many cases (e.g. in a constructor) is a drop-in replacement. If you were using data from type(), that is now available from Tensor itself, so instead of tensor.type().scalar_type(), use tensor.scalar_type() instead and instead of tensor.type().backend() use tensor.device(). [-Wdeprecated-declarations]
   15 |   if (!x.type().is_cuda()) { \
      |               ^
pcdet/ops/pointnet2/pointnet2_stack/src/group_points.cpp:26:24: note: in expansion of macro ‘CHECK_CUDA’
   26 | #define CHECK_INPUT(x) CHECK_CUDA(x);CHECK_CONTIGUOUS(x)
      |                        ^~~~~~~~~~
pcdet/ops/pointnet2/pointnet2_stack/src/group_points.cpp:54:5: note: in expansion of macro ‘CHECK_INPUT’
   54 |     CHECK_INPUT(features_tensor);
      |     ^~~~~~~~~~~
In file included from /root/miniconda3/envs/bdetr/lib/python3.7/site-packages/torch/include/ATen/Tensor.h:3,
                 from /root/miniconda3/envs/bdetr/lib/python3.7/site-packages/torch/include/ATen/Context.h:4,
                 from /root/miniconda3/envs/bdetr/lib/python3.7/site-packages/torch/include/ATen/ATen.h:9,
                 from /root/miniconda3/envs/bdetr/lib/python3.7/site-packages/torch/include/torch/csrc/api/include/torch/types.h:3,
                 from /root/miniconda3/envs/bdetr/lib/python3.7/site-packages/torch/include/torch/csrc/api/include/torch/serialize/input-archive.h:6,
                 from /root/miniconda3/envs/bdetr/lib/python3.7/site-packages/torch/include/torch/csrc/api/include/torch/serialize/archive.h:3,
                 from /root/miniconda3/envs/bdetr/lib/python3.7/site-packages/torch/include/torch/csrc/api/include/torch/serialize/tensor.h:3,
                 from pcdet/ops/pointnet2/pointnet2_stack/src/group_points.cpp:8:
/root/miniconda3/envs/bdetr/lib/python3.7/site-packages/torch/include/ATen/core/TensorBody.h:194:30: note: declared here
  194 |   DeprecatedTypeProperties & type() const {
      |                              ^~~~
pcdet/ops/pointnet2/pointnet2_stack/src/group_points.cpp:15:15: warning: ‘at::DeprecatedTypeProperties& at::Tensor::type() const’ is deprecated: Tensor.type() is deprecated. Instead use Tensor.options(), which in many cases (e.g. in a constructor) is a drop-in replacement. If you were using data from type(), that is now available from Tensor itself, so instead of tensor.type().scalar_type(), use tensor.scalar_type() instead and instead of tensor.type().backend() use tensor.device(). [-Wdeprecated-declarations]
   15 |   if (!x.type().is_cuda()) { \
      |               ^
pcdet/ops/pointnet2/pointnet2_stack/src/group_points.cpp:26:24: note: in expansion of macro ‘CHECK_CUDA’
   26 | #define CHECK_INPUT(x) CHECK_CUDA(x);CHECK_CONTIGUOUS(x)
      |                        ^~~~~~~~~~
pcdet/ops/pointnet2/pointnet2_stack/src/group_points.cpp:55:5: note: in expansion of macro ‘CHECK_INPUT’
   55 |     CHECK_INPUT(features_batch_cnt_tensor);
      |     ^~~~~~~~~~~
In file included from /root/miniconda3/envs/bdetr/lib/python3.7/site-packages/torch/include/ATen/Tensor.h:3,
                 from /root/miniconda3/envs/bdetr/lib/python3.7/site-packages/torch/include/ATen/Context.h:4,
                 from /root/miniconda3/envs/bdetr/lib/python3.7/site-packages/torch/include/ATen/ATen.h:9,
                 from /root/miniconda3/envs/bdetr/lib/python3.7/site-packages/torch/include/torch/csrc/api/include/torch/types.h:3,
                 from /root/miniconda3/envs/bdetr/lib/python3.7/site-packages/torch/include/torch/csrc/api/include/torch/serialize/input-archive.h:6,
                 from /root/miniconda3/envs/bdetr/lib/python3.7/site-packages/torch/include/torch/csrc/api/include/torch/serialize/archive.h:3,
                 from /root/miniconda3/envs/bdetr/lib/python3.7/site-packages/torch/include/torch/csrc/api/include/torch/serialize/tensor.h:3,
                 from pcdet/ops/pointnet2/pointnet2_stack/src/group_points.cpp:8:
/root/miniconda3/envs/bdetr/lib/python3.7/site-packages/torch/include/ATen/core/TensorBody.h:194:30: note: declared here
  194 |   DeprecatedTypeProperties & type() const {
      |                              ^~~~
pcdet/ops/pointnet2/pointnet2_stack/src/group_points.cpp:15:15: warning: ‘at::DeprecatedTypeProperties& at::Tensor::type() const’ is deprecated: Tensor.type() is deprecated. Instead use Tensor.options(), which in many cases (e.g. in a constructor) is a drop-in replacement. If you were using data from type(), that is now available from Tensor itself, so instead of tensor.type().scalar_type(), use tensor.scalar_type() instead and instead of tensor.type().backend() use tensor.device(). [-Wdeprecated-declarations]
   15 |   if (!x.type().is_cuda()) { \
      |               ^
pcdet/ops/pointnet2/pointnet2_stack/src/group_points.cpp:26:24: note: in expansion of macro ‘CHECK_CUDA’
   26 | #define CHECK_INPUT(x) CHECK_CUDA(x);CHECK_CONTIGUOUS(x)
      |                        ^~~~~~~~~~
pcdet/ops/pointnet2/pointnet2_stack/src/group_points.cpp:56:5: note: in expansion of macro ‘CHECK_INPUT’
   56 |     CHECK_INPUT(idx_tensor);
      |     ^~~~~~~~~~~
In file included from /root/miniconda3/envs/bdetr/lib/python3.7/site-packages/torch/include/ATen/Tensor.h:3,
                 from /root/miniconda3/envs/bdetr/lib/python3.7/site-packages/torch/include/ATen/Context.h:4,
                 from /root/miniconda3/envs/bdetr/lib/python3.7/site-packages/torch/include/ATen/ATen.h:9,
                 from /root/miniconda3/envs/bdetr/lib/python3.7/site-packages/torch/include/torch/csrc/api/include/torch/types.h:3,
                 from /root/miniconda3/envs/bdetr/lib/python3.7/site-packages/torch/include/torch/csrc/api/include/torch/serialize/input-archive.h:6,
                 from /root/miniconda3/envs/bdetr/lib/python3.7/site-packages/torch/include/torch/csrc/api/include/torch/serialize/archive.h:3,
                 from /root/miniconda3/envs/bdetr/lib/python3.7/site-packages/torch/include/torch/csrc/api/include/torch/serialize/tensor.h:3,
                 from pcdet/ops/pointnet2/pointnet2_stack/src/group_points.cpp:8:
/root/miniconda3/envs/bdetr/lib/python3.7/site-packages/torch/include/ATen/core/TensorBody.h:194:30: note: declared here
  194 |   DeprecatedTypeProperties & type() const {
      |                              ^~~~
pcdet/ops/pointnet2/pointnet2_stack/src/group_points.cpp:15:15: warning: ‘at::DeprecatedTypeProperties& at::Tensor::type() const’ is deprecated: Tensor.type() is deprecated. Instead use Tensor.options(), which in many cases (e.g. in a constructor) is a drop-in replacement. If you were using data from type(), that is now available from Tensor itself, so instead of tensor.type().scalar_type(), use tensor.scalar_type() instead and instead of tensor.type().backend() use tensor.device(). [-Wdeprecated-declarations]
   15 |   if (!x.type().is_cuda()) { \
      |               ^
pcdet/ops/pointnet2/pointnet2_stack/src/group_points.cpp:26:24: note: in expansion of macro ‘CHECK_CUDA’
   26 | #define CHECK_INPUT(x) CHECK_CUDA(x);CHECK_CONTIGUOUS(x)
      |                        ^~~~~~~~~~
pcdet/ops/pointnet2/pointnet2_stack/src/group_points.cpp:57:5: note: in expansion of macro ‘CHECK_INPUT’
   57 |     CHECK_INPUT(idx_batch_cnt_tensor);
      |     ^~~~~~~~~~~
In file included from /root/miniconda3/envs/bdetr/lib/python3.7/site-packages/torch/include/ATen/Tensor.h:3,
                 from /root/miniconda3/envs/bdetr/lib/python3.7/site-packages/torch/include/ATen/Context.h:4,
                 from /root/miniconda3/envs/bdetr/lib/python3.7/site-packages/torch/include/ATen/ATen.h:9,
                 from /root/miniconda3/envs/bdetr/lib/python3.7/site-packages/torch/include/torch/csrc/api/include/torch/types.h:3,
                 from /root/miniconda3/envs/bdetr/lib/python3.7/site-packages/torch/include/torch/csrc/api/include/torch/serialize/input-archive.h:6,
                 from /root/miniconda3/envs/bdetr/lib/python3.7/site-packages/torch/include/torch/csrc/api/include/torch/serialize/archive.h:3,
                 from /root/miniconda3/envs/bdetr/lib/python3.7/site-packages/torch/include/torch/csrc/api/include/torch/serialize/tensor.h:3,
                 from pcdet/ops/pointnet2/pointnet2_stack/src/group_points.cpp:8:
/root/miniconda3/envs/bdetr/lib/python3.7/site-packages/torch/include/ATen/core/TensorBody.h:194:30: note: declared here
  194 |   DeprecatedTypeProperties & type() const {
      |                              ^~~~
pcdet/ops/pointnet2/pointnet2_stack/src/group_points.cpp:15:15: warning: ‘at::DeprecatedTypeProperties& at::Tensor::type() const’ is deprecated: Tensor.type() is deprecated. Instead use Tensor.options(), which in many cases (e.g. in a constructor) is a drop-in replacement. If you were using data from type(), that is now available from Tensor itself, so instead of tensor.type().scalar_type(), use tensor.scalar_type() instead and instead of tensor.type().backend() use tensor.device(). [-Wdeprecated-declarations]
   15 |   if (!x.type().is_cuda()) { \
      |               ^
pcdet/ops/pointnet2/pointnet2_stack/src/group_points.cpp:26:24: note: in expansion of macro ‘CHECK_CUDA’
   26 | #define CHECK_INPUT(x) CHECK_CUDA(x);CHECK_CONTIGUOUS(x)
      |                        ^~~~~~~~~~
pcdet/ops/pointnet2/pointnet2_stack/src/group_points.cpp:58:5: note: in expansion of macro ‘CHECK_INPUT’
   58 |     CHECK_INPUT(out_tensor);
      |     ^~~~~~~~~~~
In file included from /root/miniconda3/envs/bdetr/lib/python3.7/site-packages/torch/include/ATen/Tensor.h:3,
                 from /root/miniconda3/envs/bdetr/lib/python3.7/site-packages/torch/include/ATen/Context.h:4,
                 from /root/miniconda3/envs/bdetr/lib/python3.7/site-packages/torch/include/ATen/ATen.h:9,
                 from /root/miniconda3/envs/bdetr/lib/python3.7/site-packages/torch/include/torch/csrc/api/include/torch/types.h:3,
                 from /root/miniconda3/envs/bdetr/lib/python3.7/site-packages/torch/include/torch/csrc/api/include/torch/serialize/input-archive.h:6,
                 from /root/miniconda3/envs/bdetr/lib/python3.7/site-packages/torch/include/torch/csrc/api/include/torch/serialize/archive.h:3,
                 from /root/miniconda3/envs/bdetr/lib/python3.7/site-packages/torch/include/torch/csrc/api/include/torch/serialize/tensor.h:3,
                 from pcdet/ops/pointnet2/pointnet2_stack/src/group_points.cpp:8:
/root/miniconda3/envs/bdetr/lib/python3.7/site-packages/torch/include/ATen/core/TensorBody.h:194:30: note: declared here
  194 |   DeprecatedTypeProperties & type() const {
      |                              ^~~~
pcdet/ops/pointnet2/pointnet2_stack/src/group_points.cpp:60:57: warning: ‘T* at::Tensor::data() const [with T = float]’ is deprecated: Tensor.data<T>() is deprecated. Please use Tensor.data_ptr<T>() instead. [-Wdeprecated-declarations]
   60 |     const float *features = features_tensor.data<float>();
      |                                                         ^
In file included from /root/miniconda3/envs/bdetr/lib/python3.7/site-packages/torch/include/ATen/Tensor.h:3,
                 from /root/miniconda3/envs/bdetr/lib/python3.7/site-packages/torch/include/ATen/Context.h:4,
                 from /root/miniconda3/envs/bdetr/lib/python3.7/site-packages/torch/include/ATen/ATen.h:9,
                 from /root/miniconda3/envs/bdetr/lib/python3.7/site-packages/torch/include/torch/csrc/api/include/torch/types.h:3,
                 from /root/miniconda3/envs/bdetr/lib/python3.7/site-packages/torch/include/torch/csrc/api/include/torch/serialize/input-archive.h:6,
                 from /root/miniconda3/envs/bdetr/lib/python3.7/site-packages/torch/include/torch/csrc/api/include/torch/serialize/archive.h:3,
                 from /root/miniconda3/envs/bdetr/lib/python3.7/site-packages/torch/include/torch/csrc/api/include/torch/serialize/tensor.h:3,
                 from pcdet/ops/pointnet2/pointnet2_stack/src/group_points.cpp:8:
/root/miniconda3/envs/bdetr/lib/python3.7/site-packages/torch/include/ATen/core/TensorBody.h:216:7: note: declared here
  216 |   T * data() const {
      |       ^~~~
pcdet/ops/pointnet2/pointnet2_stack/src/group_points.cpp:61:43: warning: ‘T* at::Tensor::data() const [with T = int]’ is deprecated: Tensor.data<T>() is deprecated. Please use Tensor.data_ptr<T>() instead. [-Wdeprecated-declarations]
   61 |     const int *idx = idx_tensor.data<int>();
      |                                           ^
In file included from /root/miniconda3/envs/bdetr/lib/python3.7/site-packages/torch/include/ATen/Tensor.h:3,
                 from /root/miniconda3/envs/bdetr/lib/python3.7/site-packages/torch/include/ATen/Context.h:4,
                 from /root/miniconda3/envs/bdetr/lib/python3.7/site-packages/torch/include/ATen/ATen.h:9,
                 from /root/miniconda3/envs/bdetr/lib/python3.7/site-packages/torch/include/torch/csrc/api/include/torch/types.h:3,
                 from /root/miniconda3/envs/bdetr/lib/python3.7/site-packages/torch/include/torch/csrc/api/include/torch/serialize/input-archive.h:6,
                 from /root/miniconda3/envs/bdetr/lib/python3.7/site-packages/torch/include/torch/csrc/api/include/torch/serialize/archive.h:3,
                 from /root/miniconda3/envs/bdetr/lib/python3.7/site-packages/torch/include/torch/csrc/api/include/torch/serialize/tensor.h:3,
                 from pcdet/ops/pointnet2/pointnet2_stack/src/group_points.cpp:8:
/root/miniconda3/envs/bdetr/lib/python3.7/site-packages/torch/include/ATen/core/TensorBody.h:216:7: note: declared here
  216 |   T * data() const {
      |       ^~~~
pcdet/ops/pointnet2/pointnet2_stack/src/group_points.cpp:62:73: warning: ‘T* at::Tensor::data() const [with T = int]’ is deprecated: Tensor.data<T>() is deprecated. Please use Tensor.data_ptr<T>() instead. [-Wdeprecated-declarations]
   62 |     const int *features_batch_cnt = features_batch_cnt_tensor.data<int>();
      |                                                                         ^
In file included from /root/miniconda3/envs/bdetr/lib/python3.7/site-packages/torch/include/ATen/Tensor.h:3,
                 from /root/miniconda3/envs/bdetr/lib/python3.7/site-packages/torch/include/ATen/Context.h:4,
                 from /root/miniconda3/envs/bdetr/lib/python3.7/site-packages/torch/include/ATen/ATen.h:9,
                 from /root/miniconda3/envs/bdetr/lib/python3.7/site-packages/torch/include/torch/csrc/api/include/torch/types.h:3,
                 from /root/miniconda3/envs/bdetr/lib/python3.7/site-packages/torch/include/torch/csrc/api/include/torch/serialize/input-archive.h:6,
                 from /root/miniconda3/envs/bdetr/lib/python3.7/site-packages/torch/include/torch/csrc/api/include/torch/serialize/archive.h:3,
                 from /root/miniconda3/envs/bdetr/lib/python3.7/site-packages/torch/include/torch/csrc/api/include/torch/serialize/tensor.h:3,
                 from pcdet/ops/pointnet2/pointnet2_stack/src/group_points.cpp:8:
/root/miniconda3/envs/bdetr/lib/python3.7/site-packages/torch/include/ATen/core/TensorBody.h:216:7: note: declared here
  216 |   T * data() const {
      |       ^~~~
pcdet/ops/pointnet2/pointnet2_stack/src/group_points.cpp:63:63: warning: ‘T* at::Tensor::data() const [with T = int]’ is deprecated: Tensor.data<T>() is deprecated. Please use Tensor.data_ptr<T>() instead. [-Wdeprecated-declarations]
   63 |     const int *idx_batch_cnt = idx_batch_cnt_tensor.data<int>();
      |                                                               ^
In file included from /root/miniconda3/envs/bdetr/lib/python3.7/site-packages/torch/include/ATen/Tensor.h:3,
                 from /root/miniconda3/envs/bdetr/lib/python3.7/site-packages/torch/include/ATen/Context.h:4,
                 from /root/miniconda3/envs/bdetr/lib/python3.7/site-packages/torch/include/ATen/ATen.h:9,
                 from /root/miniconda3/envs/bdetr/lib/python3.7/site-packages/torch/include/torch/csrc/api/include/torch/types.h:3,
                 from /root/miniconda3/envs/bdetr/lib/python3.7/site-packages/torch/include/torch/csrc/api/include/torch/serialize/input-archive.h:6,
                 from /root/miniconda3/envs/bdetr/lib/python3.7/site-packages/torch/include/torch/csrc/api/include/torch/serialize/archive.h:3,
                 from /root/miniconda3/envs/bdetr/lib/python3.7/site-packages/torch/include/torch/csrc/api/include/torch/serialize/tensor.h:3,
                 from pcdet/ops/pointnet2/pointnet2_stack/src/group_points.cpp:8:
/root/miniconda3/envs/bdetr/lib/python3.7/site-packages/torch/include/ATen/core/TensorBody.h:216:7: note: declared here
  216 |   T * data() const {
      |       ^~~~
pcdet/ops/pointnet2/pointnet2_stack/src/group_points.cpp:64:41: warning: ‘T* at::Tensor::data() const [with T = float]’ is deprecated: Tensor.data<T>() is deprecated. Please use Tensor.data_ptr<T>() instead. [-Wdeprecated-declarations]
   64 |     float *out = out_tensor.data<float>();
      |                                         ^
In file included from /root/miniconda3/envs/bdetr/lib/python3.7/site-packages/torch/include/ATen/Tensor.h:3,
                 from /root/miniconda3/envs/bdetr/lib/python3.7/site-packages/torch/include/ATen/Context.h:4,
                 from /root/miniconda3/envs/bdetr/lib/python3.7/site-packages/torch/include/ATen/ATen.h:9,
                 from /root/miniconda3/envs/bdetr/lib/python3.7/site-packages/torch/include/torch/csrc/api/include/torch/types.h:3,
                 from /root/miniconda3/envs/bdetr/lib/python3.7/site-packages/torch/include/torch/csrc/api/include/torch/serialize/input-archive.h:6,
                 from /root/miniconda3/envs/bdetr/lib/python3.7/site-packages/torch/include/torch/csrc/api/include/torch/serialize/archive.h:3,
                 from /root/miniconda3/envs/bdetr/lib/python3.7/site-packages/torch/include/torch/csrc/api/include/torch/serialize/tensor.h:3,
                 from pcdet/ops/pointnet2/pointnet2_stack/src/group_points.cpp:8:
/root/miniconda3/envs/bdetr/lib/python3.7/site-packages/torch/include/ATen/core/TensorBody.h:216:7: note: declared here
  216 |   T * data() const {
      |       ^~~~
/usr/local/cuda/bin/nvcc -I/root/miniconda3/envs/bdetr/lib/python3.7/site-packages/torch/include -I/root/miniconda3/envs/bdetr/lib/python3.7/site-packages/torch/include/torch/csrc/api/include -I/root/miniconda3/envs/bdetr/lib/python3.7/site-packages/torch/include/TH -I/root/miniconda3/envs/bdetr/lib/python3.7/site-packages/torch/include/THC -I/usr/local/cuda/include -I/root/autodl-tmp/mcln_pvground_runtime_20260908_v1/venv/include -I/root/miniconda3/envs/bdetr/include/python3.7m -c pcdet/ops/pointnet2/pointnet2_stack/src/group_points_gpu.cu -o build/temp.linux-x86_64-3.7/pcdet/ops/pointnet2/pointnet2_stack/src/group_points_gpu.o -D__CUDA_NO_HALF_OPERATORS__ -D__CUDA_NO_HALF_CONVERSIONS__ -D__CUDA_NO_BFLOAT16_CONVERSIONS__ -D__CUDA_NO_HALF2_OPERATORS__ --expt-relaxed-constexpr --compiler-options '-fPIC' -DTORCH_API_INCLUDE_EXTENSION_H -DPYBIND11_COMPILER_TYPE="_gcc" -DPYBIND11_STDLIB="_libstdcpp" -DPYBIND11_BUILD_ABI="_cxxabi1011" -DTORCH_EXTENSION_NAME=pointnet2_stack_cuda -D_GLIBCXX_USE_CXX11_ABI=0 -gencode=arch=compute_80,code=sm_80 -std=c++14
/root/miniconda3/envs/bdetr/lib/python3.7/site-packages/torch/include/ATen/core/builtin_function.h(110): warning #20236-D: pragma "diag_suppress" is deprecated, use "nv_diag_suppress" instead

/root/miniconda3/envs/bdetr/lib/python3.7/site-packages/torch/include/ATen/core/builtin_function.h(117): warning #20236-D: pragma "diag_default" is deprecated, use "nv_diag_default" instead

/root/miniconda3/envs/bdetr/lib/python3.7/site-packages/torch/include/ATen/core/builtin_function.h(110): warning #20236-D: pragma "diag_suppress" is deprecated, use "nv_diag_suppress" instead

/root/miniconda3/envs/bdetr/lib/python3.7/site-packages/torch/include/ATen/core/builtin_function.h(117): warning #20236-D: pragma "diag_default" is deprecated, use "nv_diag_default" instead

/root/miniconda3/envs/bdetr/lib/python3.7/site-packages/torch/include/ATen/core/builtin_function.h(110): warning #20236-D: pragma "diag_suppress" is deprecated, use "nv_diag_suppress" instead

/root/miniconda3/envs/bdetr/lib/python3.7/site-packages/torch/include/ATen/core/builtin_function.h(117): warning #20236-D: pragma "diag_default" is deprecated, use "nv_diag_default" instead

/root/miniconda3/envs/bdetr/lib/python3.7/site-packages/torch/include/ATen/core/builtin_function.h(110): warning #20236-D: pragma "diag_suppress" is deprecated, use "nv_diag_suppress" instead

/root/miniconda3/envs/bdetr/lib/python3.7/site-packages/torch/include/ATen/core/builtin_function.h(117): warning #20236-D: pragma "diag_default" is deprecated, use "nv_diag_default" instead

gcc -pthread -B /opt/anaconda1anaconda2anaconda3/compiler_compat -Wl,--sysroot=/ -Wsign-compare -DNDEBUG -g -fwrapv -O3 -Wall -Wstrict-prototypes -fPIC -I/root/miniconda3/envs/bdetr/lib/python3.7/site-packages/torch/include -I/root/miniconda3/envs/bdetr/lib/python3.7/site-packages/torch/include/torch/csrc/api/include -I/root/miniconda3/envs/bdetr/lib/python3.7/site-packages/torch/include/TH -I/root/miniconda3/envs/bdetr/lib/python3.7/site-packages/torch/include/THC -I/usr/local/cuda/include -I/root/autodl-tmp/mcln_pvground_runtime_20260908_v1/venv/include -I/root/miniconda3/envs/bdetr/include/python3.7m -c pcdet/ops/pointnet2/pointnet2_stack/src/interpolate.cpp -o build/temp.linux-x86_64-3.7/pcdet/ops/pointnet2/pointnet2_stack/src/interpolate.o -DTORCH_API_INCLUDE_EXTENSION_H -DPYBIND11_COMPILER_TYPE="_gcc" -DPYBIND11_STDLIB="_libstdcpp" -DPYBIND11_BUILD_ABI="_cxxabi1011" -DTORCH_EXTENSION_NAME=pointnet2_stack_cuda -D_GLIBCXX_USE_CXX11_ABI=0 -std=c++14
cc1plus: warning: command line option ‘-Wstrict-prototypes’ is valid for C/ObjC but not for C++
pcdet/ops/pointnet2/pointnet2_stack/src/interpolate.cpp: In function ‘void three_nn_wrapper_stack(at::Tensor, at::Tensor, at::Tensor, at::Tensor, at::Tensor, at::Tensor)’:
pcdet/ops/pointnet2/pointnet2_stack/src/interpolate.cpp:18:15: warning: ‘at::DeprecatedTypeProperties& at::Tensor::type() const’ is deprecated: Tensor.type() is deprecated. Instead use Tensor.options(), which in many cases (e.g. in a constructor) is a drop-in replacement. If you were using data from type(), that is now available from Tensor itself, so instead of tensor.type().scalar_type(), use tensor.scalar_type() instead and instead of tensor.type().backend() use tensor.device(). [-Wdeprecated-declarations]
   18 |   if (!x.type().is_cuda()) { \
      |               ^
pcdet/ops/pointnet2/pointnet2_stack/src/interpolate.cpp:29:24: note: in expansion of macro ‘CHECK_CUDA’
   29 | #define CHECK_INPUT(x) CHECK_CUDA(x);CHECK_CONTIGUOUS(x)
      |                        ^~~~~~~~~~
pcdet/ops/pointnet2/pointnet2_stack/src/interpolate.cpp:42:5: note: in expansion of macro ‘CHECK_INPUT’
   42 |     CHECK_INPUT(unknown_tensor);
      |     ^~~~~~~~~~~
In file included from /root/miniconda3/envs/bdetr/lib/python3.7/site-packages/torch/include/ATen/Tensor.h:3,
                 from /root/miniconda3/envs/bdetr/lib/python3.7/site-packages/torch/include/ATen/Context.h:4,
                 from /root/miniconda3/envs/bdetr/lib/python3.7/site-packages/torch/include/ATen/ATen.h:9,
                 from /root/miniconda3/envs/bdetr/lib/python3.7/site-packages/torch/include/torch/csrc/api/include/torch/types.h:3,
                 from /root/miniconda3/envs/bdetr/lib/python3.7/site-packages/torch/include/torch/csrc/api/include/torch/serialize/input-archive.h:6,
                 from /root/miniconda3/envs/bdetr/lib/python3.7/site-packages/torch/include/torch/csrc/api/include/torch/serialize/archive.h:3,
                 from /root/miniconda3/envs/bdetr/lib/python3.7/site-packages/torch/include/torch/csrc/api/include/torch/serialize/tensor.h:3,
                 from pcdet/ops/pointnet2/pointnet2_stack/src/interpolate.cpp:8:
/root/miniconda3/envs/bdetr/lib/python3.7/site-packages/torch/include/ATen/core/TensorBody.h:194:30: note: declared here
  194 |   DeprecatedTypeProperties & type() const {
      |                              ^~~~
pcdet/ops/pointnet2/pointnet2_stack/src/interpolate.cpp:18:15: warning: ‘at::DeprecatedTypeProperties& at::Tensor::type() const’ is deprecated: Tensor.type() is deprecated. Instead use Tensor.options(), which in many cases (e.g. in a constructor) is a drop-in replacement. If you were using data from type(), that is now available from Tensor itself, so instead of tensor.type().scalar_type(), use tensor.scalar_type() instead and instead of tensor.type().backend() use tensor.device(). [-Wdeprecated-declarations]
   18 |   if (!x.type().is_cuda()) { \
      |               ^
pcdet/ops/pointnet2/pointnet2_stack/src/interpolate.cpp:29:24: note: in expansion of macro ‘CHECK_CUDA’
   29 | #define CHECK_INPUT(x) CHECK_CUDA(x);CHECK_CONTIGUOUS(x)
      |                        ^~~~~~~~~~
pcdet/ops/pointnet2/pointnet2_stack/src/interpolate.cpp:43:5: note: in expansion of macro ‘CHECK_INPUT’
   43 |     CHECK_INPUT(unknown_batch_cnt_tensor);
      |     ^~~~~~~~~~~
In file included from /root/miniconda3/envs/bdetr/lib/python3.7/site-packages/torch/include/ATen/Tensor.h:3,
                 from /root/miniconda3/envs/bdetr/lib/python3.7/site-packages/torch/include/ATen/Context.h:4,
                 from /root/miniconda3/envs/bdetr/lib/python3.7/site-packages/torch/include/ATen/ATen.h:9,
                 from /root/miniconda3/envs/bdetr/lib/python3.7/site-packages/torch/include/torch/csrc/api/include/torch/types.h:3,
                 from /root/miniconda3/envs/bdetr/lib/python3.7/site-packages/torch/include/torch/csrc/api/include/torch/serialize/input-archive.h:6,
                 from /root/miniconda3/envs/bdetr/lib/python3.7/site-packages/torch/include/torch/csrc/api/include/torch/serialize/archive.h:3,
                 from /root/miniconda3/envs/bdetr/lib/python3.7/site-packages/torch/include/torch/csrc/api/include/torch/serialize/tensor.h:3,
                 from pcdet/ops/pointnet2/pointnet2_stack/src/interpolate.cpp:8:
/root/miniconda3/envs/bdetr/lib/python3.7/site-packages/torch/include/ATen/core/TensorBody.h:194:30: note: declared here
  194 |   DeprecatedTypeProperties & type() const {
      |                              ^~~~
pcdet/ops/pointnet2/pointnet2_stack/src/interpolate.cpp:18:15: warning: ‘at::DeprecatedTypeProperties& at::Tensor::type() const’ is deprecated: Tensor.type() is deprecated. Instead use Tensor.options(), which in many cases (e.g. in a constructor) is a drop-in replacement. If you were using data from type(), that is now available from Tensor itself, so instead of tensor.type().scalar_type(), use tensor.scalar_type() instead and instead of tensor.type().backend() use tensor.device(). [-Wdeprecated-declarations]
   18 |   if (!x.type().is_cuda()) { \
      |               ^
pcdet/ops/pointnet2/pointnet2_stack/src/interpolate.cpp:29:24: note: in expansion of macro ‘CHECK_CUDA’
   29 | #define CHECK_INPUT(x) CHECK_CUDA(x);CHECK_CONTIGUOUS(x)
      |                        ^~~~~~~~~~
pcdet/ops/pointnet2/pointnet2_stack/src/interpolate.cpp:44:5: note: in expansion of macro ‘CHECK_INPUT’
   44 |     CHECK_INPUT(known_tensor);
      |     ^~~~~~~~~~~
In file included from /root/miniconda3/envs/bdetr/lib/python3.7/site-packages/torch/include/ATen/Tensor.h:3,
                 from /root/miniconda3/envs/bdetr/lib/python3.7/site-packages/torch/include/ATen/Context.h:4,
                 from /root/miniconda3/envs/bdetr/lib/python3.7/site-packages/torch/include/ATen/ATen.h:9,
                 from /root/miniconda3/envs/bdetr/lib/python3.7/site-packages/torch/include/torch/csrc/api/include/torch/types.h:3,
                 from /root/miniconda3/envs/bdetr/lib/python3.7/site-packages/torch/include/torch/csrc/api/include/torch/serialize/input-archive.h:6,
                 from /root/miniconda3/envs/bdetr/lib/python3.7/site-packages/torch/include/torch/csrc/api/include/torch/serialize/archive.h:3,
                 from /root/miniconda3/envs/bdetr/lib/python3.7/site-packages/torch/include/torch/csrc/api/include/torch/serialize/tensor.h:3,
                 from pcdet/ops/pointnet2/pointnet2_stack/src/interpolate.cpp:8:
/root/miniconda3/envs/bdetr/lib/python3.7/site-packages/torch/include/ATen/core/TensorBody.h:194:30: note: declared here
  194 |   DeprecatedTypeProperties & type() const {
      |                              ^~~~
pcdet/ops/pointnet2/pointnet2_stack/src/interpolate.cpp:18:15: warning: ‘at::DeprecatedTypeProperties& at::Tensor::type() const’ is deprecated: Tensor.type() is deprecated. Instead use Tensor.options(), which in many cases (e.g. in a constructor) is a drop-in replacement. If you were using data from type(), that is now available from Tensor itself, so instead of tensor.type().scalar_type(), use tensor.scalar_type() instead and instead of tensor.type().backend() use tensor.device(). [-Wdeprecated-declarations]
   18 |   if (!x.type().is_cuda()) { \
      |               ^
pcdet/ops/pointnet2/pointnet2_stack/src/interpolate.cpp:29:24: note: in expansion of macro ‘CHECK_CUDA’
   29 | #define CHECK_INPUT(x) CHECK_CUDA(x);CHECK_CONTIGUOUS(x)
      |                        ^~~~~~~~~~
pcdet/ops/pointnet2/pointnet2_stack/src/interpolate.cpp:45:5: note: in expansion of macro ‘CHECK_INPUT’
   45 |     CHECK_INPUT(known_batch_cnt_tensor);
      |     ^~~~~~~~~~~
In file included from /root/miniconda3/envs/bdetr/lib/python3.7/site-packages/torch/include/ATen/Tensor.h:3,
                 from /root/miniconda3/envs/bdetr/lib/python3.7/site-packages/torch/include/ATen/Context.h:4,
                 from /root/miniconda3/envs/bdetr/lib/python3.7/site-packages/torch/include/ATen/ATen.h:9,
                 from /root/miniconda3/envs/bdetr/lib/python3.7/site-packages/torch/include/torch/csrc/api/include/torch/types.h:3,
                 from /root/miniconda3/envs/bdetr/lib/python3.7/site-packages/torch/include/torch/csrc/api/include/torch/serialize/input-archive.h:6,
                 from /root/miniconda3/envs/bdetr/lib/python3.7/site-packages/torch/include/torch/csrc/api/include/torch/serialize/archive.h:3,
                 from /root/miniconda3/envs/bdetr/lib/python3.7/site-packages/torch/include/torch/csrc/api/include/torch/serialize/tensor.h:3,
                 from pcdet/ops/pointnet2/pointnet2_stack/src/interpolate.cpp:8:
/root/miniconda3/envs/bdetr/lib/python3.7/site-packages/torch/include/ATen/core/TensorBody.h:194:30: note: declared here
  194 |   DeprecatedTypeProperties & type() const {
      |                              ^~~~
pcdet/ops/pointnet2/pointnet2_stack/src/interpolate.cpp:18:15: warning: ‘at::DeprecatedTypeProperties& at::Tensor::type() const’ is deprecated: Tensor.type() is deprecated. Instead use Tensor.options(), which in many cases (e.g. in a constructor) is a drop-in replacement. If you were using data from type(), that is now available from Tensor itself, so instead of tensor.type().scalar_type(), use tensor.scalar_type() instead and instead of tensor.type().backend() use tensor.device(). [-Wdeprecated-declarations]
   18 |   if (!x.type().is_cuda()) { \
      |               ^
pcdet/ops/pointnet2/pointnet2_stack/src/interpolate.cpp:29:24: note: in expansion of macro ‘CHECK_CUDA’
   29 | #define CHECK_INPUT(x) CHECK_CUDA(x);CHECK_CONTIGUOUS(x)
      |                        ^~~~~~~~~~
pcdet/ops/pointnet2/pointnet2_stack/src/interpolate.cpp:46:5: note: in expansion of macro ‘CHECK_INPUT’
   46 |     CHECK_INPUT(dist2_tensor);
      |     ^~~~~~~~~~~
In file included from /root/miniconda3/envs/bdetr/lib/python3.7/site-packages/torch/include/ATen/Tensor.h:3,
                 from /root/miniconda3/envs/bdetr/lib/python3.7/site-packages/torch/include/ATen/Context.h:4,
                 from /root/miniconda3/envs/bdetr/lib/python3.7/site-packages/torch/include/ATen/ATen.h:9,
                 from /root/miniconda3/envs/bdetr/lib/python3.7/site-packages/torch/include/torch/csrc/api/include/torch/types.h:3,
                 from /root/miniconda3/envs/bdetr/lib/python3.7/site-packages/torch/include/torch/csrc/api/include/torch/serialize/input-archive.h:6,
                 from /root/miniconda3/envs/bdetr/lib/python3.7/site-packages/torch/include/torch/csrc/api/include/torch/serialize/archive.h:3,
                 from /root/miniconda3/envs/bdetr/lib/python3.7/site-packages/torch/include/torch/csrc/api/include/torch/serialize/tensor.h:3,
                 from pcdet/ops/pointnet2/pointnet2_stack/src/interpolate.cpp:8:
/root/miniconda3/envs/bdetr/lib/python3.7/site-packages/torch/include/ATen/core/TensorBody.h:194:30: note: declared here
  194 |   DeprecatedTypeProperties & type() const {
      |                              ^~~~
pcdet/ops/pointnet2/pointnet2_stack/src/interpolate.cpp:18:15: warning: ‘at::DeprecatedTypeProperties& at::Tensor::type() const’ is deprecated: Tensor.type() is deprecated. Instead use Tensor.options(), which in many cases (e.g. in a constructor) is a drop-in replacement. If you were using data from type(), that is now available from Tensor itself, so instead of tensor.type().scalar_type(), use tensor.scalar_type() instead and instead of tensor.type().backend() use tensor.device(). [-Wdeprecated-declarations]
   18 |   if (!x.type().is_cuda()) { \
      |               ^
pcdet/ops/pointnet2/pointnet2_stack/src/interpolate.cpp:29:24: note: in expansion of macro ‘CHECK_CUDA’
   29 | #define CHECK_INPUT(x) CHECK_CUDA(x);CHECK_CONTIGUOUS(x)
      |                        ^~~~~~~~~~
pcdet/ops/pointnet2/pointnet2_stack/src/interpolate.cpp:47:5: note: in expansion of macro ‘CHECK_INPUT’
   47 |     CHECK_INPUT(idx_tensor);
      |     ^~~~~~~~~~~
In file included from /root/miniconda3/envs/bdetr/lib/python3.7/site-packages/torch/include/ATen/Tensor.h:3,
                 from /root/miniconda3/envs/bdetr/lib/python3.7/site-packages/torch/include/ATen/Context.h:4,
                 from /root/miniconda3/envs/bdetr/lib/python3.7/site-packages/torch/include/ATen/ATen.h:9,
                 from /root/miniconda3/envs/bdetr/lib/python3.7/site-packages/torch/include/torch/csrc/api/include/torch/types.h:3,
                 from /root/miniconda3/envs/bdetr/lib/python3.7/site-packages/torch/include/torch/csrc/api/include/torch/serialize/input-archive.h:6,
                 from /root/miniconda3/envs/bdetr/lib/python3.7/site-packages/torch/include/torch/csrc/api/include/torch/serialize/archive.h:3,
                 from /root/miniconda3/envs/bdetr/lib/python3.7/site-packages/torch/include/torch/csrc/api/include/torch/serialize/tensor.h:3,
                 from pcdet/ops/pointnet2/pointnet2_stack/src/interpolate.cpp:8:
/root/miniconda3/envs/bdetr/lib/python3.7/site-packages/torch/include/ATen/core/TensorBody.h:194:30: note: declared here
  194 |   DeprecatedTypeProperties & type() const {
      |                              ^~~~
pcdet/ops/pointnet2/pointnet2_stack/src/interpolate.cpp:52:55: warning: ‘T* at::Tensor::data() const [with T = float]’ is deprecated: Tensor.data<T>() is deprecated. Please use Tensor.data_ptr<T>() instead. [-Wdeprecated-declarations]
   52 |     const float *unknown = unknown_tensor.data<float>();
      |                                                       ^
In file included from /root/miniconda3/envs/bdetr/lib/python3.7/site-packages/torch/include/ATen/Tensor.h:3,
                 from /root/miniconda3/envs/bdetr/lib/python3.7/site-packages/torch/include/ATen/Context.h:4,
                 from /root/miniconda3/envs/bdetr/lib/python3.7/site-packages/torch/include/ATen/ATen.h:9,
                 from /root/miniconda3/envs/bdetr/lib/python3.7/site-packages/torch/include/torch/csrc/api/include/torch/types.h:3,
                 from /root/miniconda3/envs/bdetr/lib/python3.7/site-packages/torch/include/torch/csrc/api/include/torch/serialize/input-archive.h:6,
                 from /root/miniconda3/envs/bdetr/lib/python3.7/site-packages/torch/include/torch/csrc/api/include/torch/serialize/archive.h:3,
                 from /root/miniconda3/envs/bdetr/lib/python3.7/site-packages/torch/include/torch/csrc/api/include/torch/serialize/tensor.h:3,
                 from pcdet/ops/pointnet2/pointnet2_stack/src/interpolate.cpp:8:
/root/miniconda3/envs/bdetr/lib/python3.7/site-packages/torch/include/ATen/core/TensorBody.h:216:7: note: declared here
  216 |   T * data() const {
      |       ^~~~
pcdet/ops/pointnet2/pointnet2_stack/src/interpolate.cpp:53:71: warning: ‘T* at::Tensor::data() const [with T = int]’ is deprecated: Tensor.data<T>() is deprecated. Please use Tensor.data_ptr<T>() instead. [-Wdeprecated-declarations]
   53 |     const int *unknown_batch_cnt = unknown_batch_cnt_tensor.data<int>();
      |                                                                       ^
In file included from /root/miniconda3/envs/bdetr/lib/python3.7/site-packages/torch/include/ATen/Tensor.h:3,
                 from /root/miniconda3/envs/bdetr/lib/python3.7/site-packages/torch/include/ATen/Context.h:4,
                 from /root/miniconda3/envs/bdetr/lib/python3.7/site-packages/torch/include/ATen/ATen.h:9,
                 from /root/miniconda3/envs/bdetr/lib/python3.7/site-packages/torch/include/torch/csrc/api/include/torch/types.h:3,
                 from /root/miniconda3/envs/bdetr/lib/python3.7/site-packages/torch/include/torch/csrc/api/include/torch/serialize/input-archive.h:6,
                 from /root/miniconda3/envs/bdetr/lib/python3.7/site-packages/torch/include/torch/csrc/api/include/torch/serialize/archive.h:3,
                 from /root/miniconda3/envs/bdetr/lib/python3.7/site-packages/torch/include/torch/csrc/api/include/torch/serialize/tensor.h:3,
                 from pcdet/ops/pointnet2/pointnet2_stack/src/interpolate.cpp:8:
/root/miniconda3/envs/bdetr/lib/python3.7/site-packages/torch/include/ATen/core/TensorBody.h:216:7: note: declared here
  216 |   T * data() const {
      |       ^~~~
pcdet/ops/pointnet2/pointnet2_stack/src/interpolate.cpp:54:51: warning: ‘T* at::Tensor::data() const [with T = float]’ is deprecated: Tensor.data<T>() is deprecated. Please use Tensor.data_ptr<T>() instead. [-Wdeprecated-declarations]
   54 |     const float *known = known_tensor.data<float>();
      |                                                   ^
In file included from /root/miniconda3/envs/bdetr/lib/python3.7/site-packages/torch/include/ATen/Tensor.h:3,
                 from /root/miniconda3/envs/bdetr/lib/python3.7/site-packages/torch/include/ATen/Context.h:4,
                 from /root/miniconda3/envs/bdetr/lib/python3.7/site-packages/torch/include/ATen/ATen.h:9,
                 from /root/miniconda3/envs/bdetr/lib/python3.7/site-packages/torch/include/torch/csrc/api/include/torch/types.h:3,
                 from /root/miniconda3/envs/bdetr/lib/python3.7/site-packages/torch/include/torch/csrc/api/include/torch/serialize/input-archive.h:6,
                 from /root/miniconda3/envs/bdetr/lib/python3.7/site-packages/torch/include/torch/csrc/api/include/torch/serialize/archive.h:3,
                 from /root/miniconda3/envs/bdetr/lib/python3.7/site-packages/torch/include/torch/csrc/api/include/torch/serialize/tensor.h:3,
                 from pcdet/ops/pointnet2/pointnet2_stack/src/interpolate.cpp:8:
/root/miniconda3/envs/bdetr/lib/python3.7/site-packages/torch/include/ATen/core/TensorBody.h:216:7: note: declared here
  216 |   T * data() const {
      |       ^~~~
pcdet/ops/pointnet2/pointnet2_stack/src/interpolate.cpp:55:67: warning: ‘T* at::Tensor::data() const [with T = int]’ is deprecated: Tensor.data<T>() is deprecated. Please use Tensor.data_ptr<T>() instead. [-Wdeprecated-declarations]
   55 |     const int *known_batch_cnt = known_batch_cnt_tensor.data<int>();
      |                                                                   ^
In file included from /root/miniconda3/envs/bdetr/lib/python3.7/site-packages/torch/include/ATen/Tensor.h:3,
                 from /root/miniconda3/envs/bdetr/lib/python3.7/site-packages/torch/include/ATen/Context.h:4,
                 from /root/miniconda3/envs/bdetr/lib/python3.7/site-packages/torch/include/ATen/ATen.h:9,
                 from /root/miniconda3/envs/bdetr/lib/python3.7/site-packages/torch/include/torch/csrc/api/include/torch/types.h:3,
                 from /root/miniconda3/envs/bdetr/lib/python3.7/site-packages/torch/include/torch/csrc/api/include/torch/serialize/input-archive.h:6,
                 from /root/miniconda3/envs/bdetr/lib/python3.7/site-packages/torch/include/torch/csrc/api/include/torch/serialize/archive.h:3,
                 from /root/miniconda3/envs/bdetr/lib/python3.7/site-packages/torch/include/torch/csrc/api/include/torch/serialize/tensor.h:3,
                 from pcdet/ops/pointnet2/pointnet2_stack/src/interpolate.cpp:8:
/root/miniconda3/envs/bdetr/lib/python3.7/site-packages/torch/include/ATen/core/TensorBody.h:216:7: note: declared here
  216 |   T * data() const {
      |       ^~~~
pcdet/ops/pointnet2/pointnet2_stack/src/interpolate.cpp:56:45: warning: ‘T* at::Tensor::data() const [with T = float]’ is deprecated: Tensor.data<T>() is deprecated. Please use Tensor.data_ptr<T>() instead. [-Wdeprecated-declarations]
   56 |     float *dist2 = dist2_tensor.data<float>();
      |                                             ^
In file included from /root/miniconda3/envs/bdetr/lib/python3.7/site-packages/torch/include/ATen/Tensor.h:3,
                 from /root/miniconda3/envs/bdetr/lib/python3.7/site-packages/torch/include/ATen/Context.h:4,
                 from /root/miniconda3/envs/bdetr/lib/python3.7/site-packages/torch/include/ATen/ATen.h:9,
                 from /root/miniconda3/envs/bdetr/lib/python3.7/site-packages/torch/include/torch/csrc/api/include/torch/types.h:3,
                 from /root/miniconda3/envs/bdetr/lib/python3.7/site-packages/torch/include/torch/csrc/api/include/torch/serialize/input-archive.h:6,
                 from /root/miniconda3/envs/bdetr/lib/python3.7/site-packages/torch/include/torch/csrc/api/include/torch/serialize/archive.h:3,
                 from /root/miniconda3/envs/bdetr/lib/python3.7/site-packages/torch/include/torch/csrc/api/include/torch/serialize/tensor.h:3,
                 from pcdet/ops/pointnet2/pointnet2_stack/src/interpolate.cpp:8:
/root/miniconda3/envs/bdetr/lib/python3.7/site-packages/torch/include/ATen/core/TensorBody.h:216:7: note: declared here
  216 |   T * data() const {
      |       ^~~~
pcdet/ops/pointnet2/pointnet2_stack/src/interpolate.cpp:57:37: warning: ‘T* at::Tensor::data() const [with T = int]’ is deprecated: Tensor.data<T>() is deprecated. Please use Tensor.data_ptr<T>() instead. [-Wdeprecated-declarations]
   57 |     int *idx = idx_tensor.data<int>();
      |                                     ^
In file included from /root/miniconda3/envs/bdetr/lib/python3.7/site-packages/torch/include/ATen/Tensor.h:3,
                 from /root/miniconda3/envs/bdetr/lib/python3.7/site-packages/torch/include/ATen/Context.h:4,
                 from /root/miniconda3/envs/bdetr/lib/python3.7/site-packages/torch/include/ATen/ATen.h:9,
                 from /root/miniconda3/envs/bdetr/lib/python3.7/site-packages/torch/include/torch/csrc/api/include/torch/types.h:3,
                 from /root/miniconda3/envs/bdetr/lib/python3.7/site-packages/torch/include/torch/csrc/api/include/torch/serialize/input-archive.h:6,
                 from /root/miniconda3/envs/bdetr/lib/python3.7/site-packages/torch/include/torch/csrc/api/include/torch/serialize/archive.h:3,
                 from /root/miniconda3/envs/bdetr/lib/python3.7/site-packages/torch/include/torch/csrc/api/include/torch/serialize/tensor.h:3,
                 from pcdet/ops/pointnet2/pointnet2_stack/src/interpolate.cpp:8:
/root/miniconda3/envs/bdetr/lib/python3.7/site-packages/torch/include/ATen/core/TensorBody.h:216:7: note: declared here
  216 |   T * data() const {
      |       ^~~~
pcdet/ops/pointnet2/pointnet2_stack/src/interpolate.cpp: In function ‘void three_interpolate_wrapper_stack(at::Tensor, at::Tensor, at::Tensor, at::Tensor)’:
pcdet/ops/pointnet2/pointnet2_stack/src/interpolate.cpp:18:15: warning: ‘at::DeprecatedTypeProperties& at::Tensor::type() const’ is deprecated: Tensor.type() is deprecated. Instead use Tensor.options(), which in many cases (e.g. in a constructor) is a drop-in replacement. If you were using data from type(), that is now available from Tensor itself, so instead of tensor.type().scalar_type(), use tensor.scalar_type() instead and instead of tensor.type().backend() use tensor.device(). [-Wdeprecated-declarations]
   18 |   if (!x.type().is_cuda()) { \
      |               ^
pcdet/ops/pointnet2/pointnet2_stack/src/interpolate.cpp:29:24: note: in expansion of macro ‘CHECK_CUDA’
   29 | #define CHECK_INPUT(x) CHECK_CUDA(x);CHECK_CONTIGUOUS(x)
      |                        ^~~~~~~~~~
pcdet/ops/pointnet2/pointnet2_stack/src/interpolate.cpp:70:5: note: in expansion of macro ‘CHECK_INPUT’
   70 |     CHECK_INPUT(features_tensor);
      |     ^~~~~~~~~~~
In file included from /root/miniconda3/envs/bdetr/lib/python3.7/site-packages/torch/include/ATen/Tensor.h:3,
                 from /root/miniconda3/envs/bdetr/lib/python3.7/site-packages/torch/include/ATen/Context.h:4,
                 from /root/miniconda3/envs/bdetr/lib/python3.7/site-packages/torch/include/ATen/ATen.h:9,
                 from /root/miniconda3/envs/bdetr/lib/python3.7/site-packages/torch/include/torch/csrc/api/include/torch/types.h:3,
                 from /root/miniconda3/envs/bdetr/lib/python3.7/site-packages/torch/include/torch/csrc/api/include/torch/serialize/input-archive.h:6,
                 from /root/miniconda3/envs/bdetr/lib/python3.7/site-packages/torch/include/torch/csrc/api/include/torch/serialize/archive.h:3,
                 from /root/miniconda3/envs/bdetr/lib/python3.7/site-packages/torch/include/torch/csrc/api/include/torch/serialize/tensor.h:3,
                 from pcdet/ops/pointnet2/pointnet2_stack/src/interpolate.cpp:8:
/root/miniconda3/envs/bdetr/lib/python3.7/site-packages/torch/include/ATen/core/TensorBody.h:194:30: note: declared here
  194 |   DeprecatedTypeProperties & type() const {
      |                              ^~~~
pcdet/ops/pointnet2/pointnet2_stack/src/interpolate.cpp:18:15: warning: ‘at::DeprecatedTypeProperties& at::Tensor::type() const’ is deprecated: Tensor.type() is deprecated. Instead use Tensor.options(), which in many cases (e.g. in a constructor) is a drop-in replacement. If you were using data from type(), that is now available from Tensor itself, so instead of tensor.type().scalar_type(), use tensor.scalar_type() instead and instead of tensor.type().backend() use tensor.device(). [-Wdeprecated-declarations]
   18 |   if (!x.type().is_cuda()) { \
      |               ^
pcdet/ops/pointnet2/pointnet2_stack/src/interpolate.cpp:29:24: note: in expansion of macro ‘CHECK_CUDA’
   29 | #define CHECK_INPUT(x) CHECK_CUDA(x);CHECK_CONTIGUOUS(x)
      |                        ^~~~~~~~~~
pcdet/ops/pointnet2/pointnet2_stack/src/interpolate.cpp:71:5: note: in expansion of macro ‘CHECK_INPUT’
   71 |     CHECK_INPUT(idx_tensor);
      |     ^~~~~~~~~~~
In file included from /root/miniconda3/envs/bdetr/lib/python3.7/site-packages/torch/include/ATen/Tensor.h:3,
                 from /root/miniconda3/envs/bdetr/lib/python3.7/site-packages/torch/include/ATen/Context.h:4,
                 from /root/miniconda3/envs/bdetr/lib/python3.7/site-packages/torch/include/ATen/ATen.h:9,
                 from /root/miniconda3/envs/bdetr/lib/python3.7/site-packages/torch/include/torch/csrc/api/include/torch/types.h:3,
                 from /root/miniconda3/envs/bdetr/lib/python3.7/site-packages/torch/include/torch/csrc/api/include/torch/serialize/input-archive.h:6,
                 from /root/miniconda3/envs/bdetr/lib/python3.7/site-packages/torch/include/torch/csrc/api/include/torch/serialize/archive.h:3,
                 from /root/miniconda3/envs/bdetr/lib/python3.7/site-packages/torch/include/torch/csrc/api/include/torch/serialize/tensor.h:3,
                 from pcdet/ops/pointnet2/pointnet2_stack/src/interpolate.cpp:8:
/root/miniconda3/envs/bdetr/lib/python3.7/site-packages/torch/include/ATen/core/TensorBody.h:194:30: note: declared here
  194 |   DeprecatedTypeProperties & type() const {
      |                              ^~~~
pcdet/ops/pointnet2/pointnet2_stack/src/interpolate.cpp:18:15: warning: ‘at::DeprecatedTypeProperties& at::Tensor::type() const’ is deprecated: Tensor.type() is deprecated. Instead use Tensor.options(), which in many cases (e.g. in a constructor) is a drop-in replacement. If you were using data from type(), that is now available from Tensor itself, so instead of tensor.type().scalar_type(), use tensor.scalar_type() instead and instead of tensor.type().backend() use tensor.device(). [-Wdeprecated-declarations]
   18 |   if (!x.type().is_cuda()) { \
      |               ^
pcdet/ops/pointnet2/pointnet2_stack/src/interpolate.cpp:29:24: note: in expansion of macro ‘CHECK_CUDA’
   29 | #define CHECK_INPUT(x) CHECK_CUDA(x);CHECK_CONTIGUOUS(x)
      |                        ^~~~~~~~~~
pcdet/ops/pointnet2/pointnet2_stack/src/interpolate.cpp:72:5: note: in expansion of macro ‘CHECK_INPUT’
   72 |     CHECK_INPUT(weight_tensor);
      |     ^~~~~~~~~~~
In file included from /root/miniconda3/envs/bdetr/lib/python3.7/site-packages/torch/include/ATen/Tensor.h:3,
                 from /root/miniconda3/envs/bdetr/lib/python3.7/site-packages/torch/include/ATen/Context.h:4,
                 from /root/miniconda3/envs/bdetr/lib/python3.7/site-packages/torch/include/ATen/ATen.h:9,
                 from /root/miniconda3/envs/bdetr/lib/python3.7/site-packages/torch/include/torch/csrc/api/include/torch/types.h:3,
                 from /root/miniconda3/envs/bdetr/lib/python3.7/site-packages/torch/include/torch/csrc/api/include/torch/serialize/input-archive.h:6,
                 from /root/miniconda3/envs/bdetr/lib/python3.7/site-packages/torch/include/torch/csrc/api/include/torch/serialize/archive.h:3,
                 from /root/miniconda3/envs/bdetr/lib/python3.7/site-packages/torch/include/torch/csrc/api/include/torch/serialize/tensor.h:3,
                 from pcdet/ops/pointnet2/pointnet2_stack/src/interpolate.cpp:8:
/root/miniconda3/envs/bdetr/lib/python3.7/site-packages/torch/include/ATen/core/TensorBody.h:194:30: note: declared here
  194 |   DeprecatedTypeProperties & type() const {
      |                              ^~~~
pcdet/ops/pointnet2/pointnet2_stack/src/interpolate.cpp:18:15: warning: ‘at::DeprecatedTypeProperties& at::Tensor::type() const’ is deprecated: Tensor.type() is deprecated. Instead use Tensor.options(), which in many cases (e.g. in a constructor) is a drop-in replacement. If you were using data from type(), that is now available from Tensor itself, so instead of tensor.type().scalar_type(), use tensor.scalar_type() instead and instead of tensor.type().backend() use tensor.device(). [-Wdeprecated-declarations]
   18 |   if (!x.type().is_cuda()) { \
      |               ^
pcdet/ops/pointnet2/pointnet2_stack/src/interpolate.cpp:29:24: note: in expansion of macro ‘CHECK_CUDA’
   29 | #define CHECK_INPUT(x) CHECK_CUDA(x);CHECK_CONTIGUOUS(x)
      |                        ^~~~~~~~~~
pcdet/ops/pointnet2/pointnet2_stack/src/interpolate.cpp:73:5: note: in expansion of macro ‘CHECK_INPUT’
   73 |     CHECK_INPUT(out_tensor);
      |     ^~~~~~~~~~~
In file included from /root/miniconda3/envs/bdetr/lib/python3.7/site-packages/torch/include/ATen/Tensor.h:3,
                 from /root/miniconda3/envs/bdetr/lib/python3.7/site-packages/torch/include/ATen/Context.h:4,
                 from /root/miniconda3/envs/bdetr/lib/python3.7/site-packages/torch/include/ATen/ATen.h:9,
                 from /root/miniconda3/envs/bdetr/lib/python3.7/site-packages/torch/include/torch/csrc/api/include/torch/types.h:3,
                 from /root/miniconda3/envs/bdetr/lib/python3.7/site-packages/torch/include/torch/csrc/api/include/torch/serialize/input-archive.h:6,
                 from /root/miniconda3/envs/bdetr/lib/python3.7/site-packages/torch/include/torch/csrc/api/include/torch/serialize/archive.h:3,
                 from /root/miniconda3/envs/bdetr/lib/python3.7/site-packages/torch/include/torch/csrc/api/include/torch/serialize/tensor.h:3,
                 from pcdet/ops/pointnet2/pointnet2_stack/src/interpolate.cpp:8:
/root/miniconda3/envs/bdetr/lib/python3.7/site-packages/torch/include/ATen/core/TensorBody.h:194:30: note: declared here
  194 |   DeprecatedTypeProperties & type() const {
      |                              ^~~~
pcdet/ops/pointnet2/pointnet2_stack/src/interpolate.cpp:77:57: warning: ‘T* at::Tensor::data() const [with T = float]’ is deprecated: Tensor.data<T>() is deprecated. Please use Tensor.data_ptr<T>() instead. [-Wdeprecated-declarations]
   77 |     const float *features = features_tensor.data<float>();
      |                                                         ^
In file included from /root/miniconda3/envs/bdetr/lib/python3.7/site-packages/torch/include/ATen/Tensor.h:3,
                 from /root/miniconda3/envs/bdetr/lib/python3.7/site-packages/torch/include/ATen/Context.h:4,
                 from /root/miniconda3/envs/bdetr/lib/python3.7/site-packages/torch/include/ATen/ATen.h:9,
                 from /root/miniconda3/envs/bdetr/lib/python3.7/site-packages/torch/include/torch/csrc/api/include/torch/types.h:3,
                 from /root/miniconda3/envs/bdetr/lib/python3.7/site-packages/torch/include/torch/csrc/api/include/torch/serialize/input-archive.h:6,
                 from /root/miniconda3/envs/bdetr/lib/python3.7/site-packages/torch/include/torch/csrc/api/include/torch/serialize/archive.h:3,
                 from /root/miniconda3/envs/bdetr/lib/python3.7/site-packages/torch/include/torch/csrc/api/include/torch/serialize/tensor.h:3,
                 from pcdet/ops/pointnet2/pointnet2_stack/src/interpolate.cpp:8:
/root/miniconda3/envs/bdetr/lib/python3.7/site-packages/torch/include/ATen/core/TensorBody.h:216:7: note: declared here
  216 |   T * data() const {
      |       ^~~~
pcdet/ops/pointnet2/pointnet2_stack/src/interpolate.cpp:78:53: warning: ‘T* at::Tensor::data() const [with T = float]’ is deprecated: Tensor.data<T>() is deprecated. Please use Tensor.data_ptr<T>() instead. [-Wdeprecated-declarations]
   78 |     const float *weight = weight_tensor.data<float>();
      |                                                     ^
In file included from /root/miniconda3/envs/bdetr/lib/python3.7/site-packages/torch/include/ATen/Tensor.h:3,
                 from /root/miniconda3/envs/bdetr/lib/python3.7/site-packages/torch/include/ATen/Context.h:4,
                 from /root/miniconda3/envs/bdetr/lib/python3.7/site-packages/torch/include/ATen/ATen.h:9,
                 from /root/miniconda3/envs/bdetr/lib/python3.7/site-packages/torch/include/torch/csrc/api/include/torch/types.h:3,
                 from /root/miniconda3/envs/bdetr/lib/python3.7/site-packages/torch/include/torch/csrc/api/include/torch/serialize/input-archive.h:6,
                 from /root/miniconda3/envs/bdetr/lib/python3.7/site-packages/torch/include/torch/csrc/api/include/torch/serialize/archive.h:3,
                 from /root/miniconda3/envs/bdetr/lib/python3.7/site-packages/torch/include/torch/csrc/api/include/torch/serialize/tensor.h:3,
                 from pcdet/ops/pointnet2/pointnet2_stack/src/interpolate.cpp:8:
/root/miniconda3/envs/bdetr/lib/python3.7/site-packages/torch/include/ATen/core/TensorBody.h:216:7: note: declared here
  216 |   T * data() const {
      |       ^~~~
pcdet/ops/pointnet2/pointnet2_stack/src/interpolate.cpp:79:43: warning: ‘T* at::Tensor::data() const [with T = int]’ is deprecated: Tensor.data<T>() is deprecated. Please use Tensor.data_ptr<T>() instead. [-Wdeprecated-declarations]
   79 |     const int *idx = idx_tensor.data<int>();
      |                                           ^
In file included from /root/miniconda3/envs/bdetr/lib/python3.7/site-packages/torch/include/ATen/Tensor.h:3,
                 from /root/miniconda3/envs/bdetr/lib/python3.7/site-packages/torch/include/ATen/Context.h:4,
                 from /root/miniconda3/envs/bdetr/lib/python3.7/site-packages/torch/include/ATen/ATen.h:9,
                 from /root/miniconda3/envs/bdetr/lib/python3.7/site-packages/torch/include/torch/csrc/api/include/torch/types.h:3,
                 from /root/miniconda3/envs/bdetr/lib/python3.7/site-packages/torch/include/torch/csrc/api/include/torch/serialize/input-archive.h:6,
                 from /root/miniconda3/envs/bdetr/lib/python3.7/site-packages/torch/include/torch/csrc/api/include/torch/serialize/archive.h:3,
                 from /root/miniconda3/envs/bdetr/lib/python3.7/site-packages/torch/include/torch/csrc/api/include/torch/serialize/tensor.h:3,
                 from pcdet/ops/pointnet2/pointnet2_stack/src/interpolate.cpp:8:
/root/miniconda3/envs/bdetr/lib/python3.7/site-packages/torch/include/ATen/core/TensorBody.h:216:7: note: declared here
  216 |   T * data() const {
      |       ^~~~
pcdet/ops/pointnet2/pointnet2_stack/src/interpolate.cpp:80:41: warning: ‘T* at::Tensor::data() const [with T = float]’ is deprecated: Tensor.data<T>() is deprecated. Please use Tensor.data_ptr<T>() instead. [-Wdeprecated-declarations]
   80 |     float *out = out_tensor.data<float>();
      |                                         ^
In file included from /root/miniconda3/envs/bdetr/lib/python3.7/site-packages/torch/include/ATen/Tensor.h:3,
                 from /root/miniconda3/envs/bdetr/lib/python3.7/site-packages/torch/include/ATen/Context.h:4,
                 from /root/miniconda3/envs/bdetr/lib/python3.7/site-packages/torch/include/ATen/ATen.h:9,
                 from /root/miniconda3/envs/bdetr/lib/python3.7/site-packages/torch/include/torch/csrc/api/include/torch/types.h:3,
                 from /root/miniconda3/envs/bdetr/lib/python3.7/site-packages/torch/include/torch/csrc/api/include/torch/serialize/input-archive.h:6,
                 from /root/miniconda3/envs/bdetr/lib/python3.7/site-packages/torch/include/torch/csrc/api/include/torch/serialize/archive.h:3,
                 from /root/miniconda3/envs/bdetr/lib/python3.7/site-packages/torch/include/torch/csrc/api/include/torch/serialize/tensor.h:3,
                 from pcdet/ops/pointnet2/pointnet2_stack/src/interpolate.cpp:8:
/root/miniconda3/envs/bdetr/lib/python3.7/site-packages/torch/include/ATen/core/TensorBody.h:216:7: note: declared here
  216 |   T * data() const {
      |       ^~~~
pcdet/ops/pointnet2/pointnet2_stack/src/interpolate.cpp: In function ‘void three_interpolate_grad_wrapper_stack(at::Tensor, at::Tensor, at::Tensor, at::Tensor)’:
pcdet/ops/pointnet2/pointnet2_stack/src/interpolate.cpp:18:15: warning: ‘at::DeprecatedTypeProperties& at::Tensor::type() const’ is deprecated: Tensor.type() is deprecated. Instead use Tensor.options(), which in many cases (e.g. in a constructor) is a drop-in replacement. If you were using data from type(), that is now available from Tensor itself, so instead of tensor.type().scalar_type(), use tensor.scalar_type() instead and instead of tensor.type().backend() use tensor.device(). [-Wdeprecated-declarations]
   18 |   if (!x.type().is_cuda()) { \
      |               ^
pcdet/ops/pointnet2/pointnet2_stack/src/interpolate.cpp:29:24: note: in expansion of macro ‘CHECK_CUDA’
   29 | #define CHECK_INPUT(x) CHECK_CUDA(x);CHECK_CONTIGUOUS(x)
      |                        ^~~~~~~~~~
pcdet/ops/pointnet2/pointnet2_stack/src/interpolate.cpp:93:5: note: in expansion of macro ‘CHECK_INPUT’
   93 |     CHECK_INPUT(grad_out_tensor);
      |     ^~~~~~~~~~~
In file included from /root/miniconda3/envs/bdetr/lib/python3.7/site-packages/torch/include/ATen/Tensor.h:3,
                 from /root/miniconda3/envs/bdetr/lib/python3.7/site-packages/torch/include/ATen/Context.h:4,
                 from /root/miniconda3/envs/bdetr/lib/python3.7/site-packages/torch/include/ATen/ATen.h:9,
                 from /root/miniconda3/envs/bdetr/lib/python3.7/site-packages/torch/include/torch/csrc/api/include/torch/types.h:3,
                 from /root/miniconda3/envs/bdetr/lib/python3.7/site-packages/torch/include/torch/csrc/api/include/torch/serialize/input-archive.h:6,
                 from /root/miniconda3/envs/bdetr/lib/python3.7/site-packages/torch/include/torch/csrc/api/include/torch/serialize/archive.h:3,
                 from /root/miniconda3/envs/bdetr/lib/python3.7/site-packages/torch/include/torch/csrc/api/include/torch/serialize/tensor.h:3,
                 from pcdet/ops/pointnet2/pointnet2_stack/src/interpolate.cpp:8:
/root/miniconda3/envs/bdetr/lib/python3.7/site-packages/torch/include/ATen/core/TensorBody.h:194:30: note: declared here
  194 |   DeprecatedTypeProperties & type() const {
      |                              ^~~~
pcdet/ops/pointnet2/pointnet2_stack/src/interpolate.cpp:18:15: warning: ‘at::DeprecatedTypeProperties& at::Tensor::type() const’ is deprecated: Tensor.type() is deprecated. Instead use Tensor.options(), which in many cases (e.g. in a constructor) is a drop-in replacement. If you were using data from type(), that is now available from Tensor itself, so instead of tensor.type().scalar_type(), use tensor.scalar_type() instead and instead of tensor.type().backend() use tensor.device(). [-Wdeprecated-declarations]
   18 |   if (!x.type().is_cuda()) { \
      |               ^
pcdet/ops/pointnet2/pointnet2_stack/src/interpolate.cpp:29:24: note: in expansion of macro ‘CHECK_CUDA’
   29 | #define CHECK_INPUT(x) CHECK_CUDA(x);CHECK_CONTIGUOUS(x)
      |                        ^~~~~~~~~~
pcdet/ops/pointnet2/pointnet2_stack/src/interpolate.cpp:94:5: note: in expansion of macro ‘CHECK_INPUT’
   94 |     CHECK_INPUT(idx_tensor);
      |     ^~~~~~~~~~~
In file included from /root/miniconda3/envs/bdetr/lib/python3.7/site-packages/torch/include/ATen/Tensor.h:3,
                 from /root/miniconda3/envs/bdetr/lib/python3.7/site-packages/torch/include/ATen/Context.h:4,
                 from /root/miniconda3/envs/bdetr/lib/python3.7/site-packages/torch/include/ATen/ATen.h:9,
                 from /root/miniconda3/envs/bdetr/lib/python3.7/site-packages/torch/include/torch/csrc/api/include/torch/types.h:3,
                 from /root/miniconda3/envs/bdetr/lib/python3.7/site-packages/torch/include/torch/csrc/api/include/torch/serialize/input-archive.h:6,
                 from /root/miniconda3/envs/bdetr/lib/python3.7/site-packages/torch/include/torch/csrc/api/include/torch/serialize/archive.h:3,
                 from /root/miniconda3/envs/bdetr/lib/python3.7/site-packages/torch/include/torch/csrc/api/include/torch/serialize/tensor.h:3,
                 from pcdet/ops/pointnet2/pointnet2_stack/src/interpolate.cpp:8:
/root/miniconda3/envs/bdetr/lib/python3.7/site-packages/torch/include/ATen/core/TensorBody.h:194:30: note: declared here
  194 |   DeprecatedTypeProperties & type() const {
      |                              ^~~~
pcdet/ops/pointnet2/pointnet2_stack/src/interpolate.cpp:18:15: warning: ‘at::DeprecatedTypeProperties& at::Tensor::type() const’ is deprecated: Tensor.type() is deprecated. Instead use Tensor.options(), which in many cases (e.g. in a constructor) is a drop-in replacement. If you were using data from type(), that is now available from Tensor itself, so instead of tensor.type().scalar_type(), use tensor.scalar_type() instead and instead of tensor.type().backend() use tensor.device(). [-Wdeprecated-declarations]
   18 |   if (!x.type().is_cuda()) { \
      |               ^
pcdet/ops/pointnet2/pointnet2_stack/src/interpolate.cpp:29:24: note: in expansion of macro ‘CHECK_CUDA’
   29 | #define CHECK_INPUT(x) CHECK_CUDA(x);CHECK_CONTIGUOUS(x)
      |                        ^~~~~~~~~~
pcdet/ops/pointnet2/pointnet2_stack/src/interpolate.cpp:95:5: note: in expansion of macro ‘CHECK_INPUT’
   95 |     CHECK_INPUT(weight_tensor);
      |     ^~~~~~~~~~~
In file included from /root/miniconda3/envs/bdetr/lib/python3.7/site-packages/torch/include/ATen/Tensor.h:3,
                 from /root/miniconda3/envs/bdetr/lib/python3.7/site-packages/torch/include/ATen/Context.h:4,
                 from /root/miniconda3/envs/bdetr/lib/python3.7/site-packages/torch/include/ATen/ATen.h:9,
                 from /root/miniconda3/envs/bdetr/lib/python3.7/site-packages/torch/include/torch/csrc/api/include/torch/types.h:3,
                 from /root/miniconda3/envs/bdetr/lib/python3.7/site-packages/torch/include/torch/csrc/api/include/torch/serialize/input-archive.h:6,
                 from /root/miniconda3/envs/bdetr/lib/python3.7/site-packages/torch/include/torch/csrc/api/include/torch/serialize/archive.h:3,
                 from /root/miniconda3/envs/bdetr/lib/python3.7/site-packages/torch/include/torch/csrc/api/include/torch/serialize/tensor.h:3,
                 from pcdet/ops/pointnet2/pointnet2_stack/src/interpolate.cpp:8:
/root/miniconda3/envs/bdetr/lib/python3.7/site-packages/torch/include/ATen/core/TensorBody.h:194:30: note: declared here
  194 |   DeprecatedTypeProperties & type() const {
      |                              ^~~~
pcdet/ops/pointnet2/pointnet2_stack/src/interpolate.cpp:18:15: warning: ‘at::DeprecatedTypeProperties& at::Tensor::type() const’ is deprecated: Tensor.type() is deprecated. Instead use Tensor.options(), which in many cases (e.g. in a constructor) is a drop-in replacement. If you were using data from type(), that is now available from Tensor itself, so instead of tensor.type().scalar_type(), use tensor.scalar_type() instead and instead of tensor.type().backend() use tensor.device(). [-Wdeprecated-declarations]
   18 |   if (!x.type().is_cuda()) { \
      |               ^
pcdet/ops/pointnet2/pointnet2_stack/src/interpolate.cpp:29:24: note: in expansion of macro ‘CHECK_CUDA’
   29 | #define CHECK_INPUT(x) CHECK_CUDA(x);CHECK_CONTIGUOUS(x)
      |                        ^~~~~~~~~~
pcdet/ops/pointnet2/pointnet2_stack/src/interpolate.cpp:96:5: note: in expansion of macro ‘CHECK_INPUT’
   96 |     CHECK_INPUT(grad_features_tensor);
      |     ^~~~~~~~~~~
In file included from /root/miniconda3/envs/bdetr/lib/python3.7/site-packages/torch/include/ATen/Tensor.h:3,
                 from /root/miniconda3/envs/bdetr/lib/python3.7/site-packages/torch/include/ATen/Context.h:4,
                 from /root/miniconda3/envs/bdetr/lib/python3.7/site-packages/torch/include/ATen/ATen.h:9,
                 from /root/miniconda3/envs/bdetr/lib/python3.7/site-packages/torch/include/torch/csrc/api/include/torch/types.h:3,
                 from /root/miniconda3/envs/bdetr/lib/python3.7/site-packages/torch/include/torch/csrc/api/include/torch/serialize/input-archive.h:6,
                 from /root/miniconda3/envs/bdetr/lib/python3.7/site-packages/torch/include/torch/csrc/api/include/torch/serialize/archive.h:3,
                 from /root/miniconda3/envs/bdetr/lib/python3.7/site-packages/torch/include/torch/csrc/api/include/torch/serialize/tensor.h:3,
                 from pcdet/ops/pointnet2/pointnet2_stack/src/interpolate.cpp:8:
/root/miniconda3/envs/bdetr/lib/python3.7/site-packages/torch/include/ATen/core/TensorBody.h:194:30: note: declared here
  194 |   DeprecatedTypeProperties & type() const {
      |                              ^~~~
pcdet/ops/pointnet2/pointnet2_stack/src/interpolate.cpp:100:57: warning: ‘T* at::Tensor::data() const [with T = float]’ is deprecated: Tensor.data<T>() is deprecated. Please use Tensor.data_ptr<T>() instead. [-Wdeprecated-declarations]
  100 |     const float *grad_out = grad_out_tensor.data<float>();
      |                                                         ^
In file included from /root/miniconda3/envs/bdetr/lib/python3.7/site-packages/torch/include/ATen/Tensor.h:3,
                 from /root/miniconda3/envs/bdetr/lib/python3.7/site-packages/torch/include/ATen/Context.h:4,
                 from /root/miniconda3/envs/bdetr/lib/python3.7/site-packages/torch/include/ATen/ATen.h:9,
                 from /root/miniconda3/envs/bdetr/lib/python3.7/site-packages/torch/include/torch/csrc/api/include/torch/types.h:3,
                 from /root/miniconda3/envs/bdetr/lib/python3.7/site-packages/torch/include/torch/csrc/api/include/torch/serialize/input-archive.h:6,
                 from /root/miniconda3/envs/bdetr/lib/python3.7/site-packages/torch/include/torch/csrc/api/include/torch/serialize/archive.h:3,
                 from /root/miniconda3/envs/bdetr/lib/python3.7/site-packages/torch/include/torch/csrc/api/include/torch/serialize/tensor.h:3,
                 from pcdet/ops/pointnet2/pointnet2_stack/src/interpolate.cpp:8:
/root/miniconda3/envs/bdetr/lib/python3.7/site-packages/torch/include/ATen/core/TensorBody.h:216:7: note: declared here
  216 |   T * data() const {
      |       ^~~~
pcdet/ops/pointnet2/pointnet2_stack/src/interpolate.cpp:101:53: warning: ‘T* at::Tensor::data() const [with T = float]’ is deprecated: Tensor.data<T>() is deprecated. Please use Tensor.data_ptr<T>() instead. [-Wdeprecated-declarations]
  101 |     const float *weight = weight_tensor.data<float>();
      |                                                     ^
In file included from /root/miniconda3/envs/bdetr/lib/python3.7/site-packages/torch/include/ATen/Tensor.h:3,
                 from /root/miniconda3/envs/bdetr/lib/python3.7/site-packages/torch/include/ATen/Context.h:4,
                 from /root/miniconda3/envs/bdetr/lib/python3.7/site-packages/torch/include/ATen/ATen.h:9,
                 from /root/miniconda3/envs/bdetr/lib/python3.7/site-packages/torch/include/torch/csrc/api/include/torch/types.h:3,
                 from /root/miniconda3/envs/bdetr/lib/python3.7/site-packages/torch/include/torch/csrc/api/include/torch/serialize/input-archive.h:6,
                 from /root/miniconda3/envs/bdetr/lib/python3.7/site-packages/torch/include/torch/csrc/api/include/torch/serialize/archive.h:3,
                 from /root/miniconda3/envs/bdetr/lib/python3.7/site-packages/torch/include/torch/csrc/api/include/torch/serialize/tensor.h:3,
                 from pcdet/ops/pointnet2/pointnet2_stack/src/interpolate.cpp:8:
/root/miniconda3/envs/bdetr/lib/python3.7/site-packages/torch/include/ATen/core/TensorBody.h:216:7: note: declared here
  216 |   T * data() const {
      |       ^~~~
pcdet/ops/pointnet2/pointnet2_stack/src/interpolate.cpp:102:43: warning: ‘T* at::Tensor::data() const [with T = int]’ is deprecated: Tensor.data<T>() is deprecated. Please use Tensor.data_ptr<T>() instead. [-Wdeprecated-declarations]
  102 |     const int *idx = idx_tensor.data<int>();
      |                                           ^
In file included from /root/miniconda3/envs/bdetr/lib/python3.7/site-packages/torch/include/ATen/Tensor.h:3,
                 from /root/miniconda3/envs/bdetr/lib/python3.7/site-packages/torch/include/ATen/Context.h:4,
                 from /root/miniconda3/envs/bdetr/lib/python3.7/site-packages/torch/include/ATen/ATen.h:9,
                 from /root/miniconda3/envs/bdetr/lib/python3.7/site-packages/torch/include/torch/csrc/api/include/torch/types.h:3,
                 from /root/miniconda3/envs/bdetr/lib/python3.7/site-packages/torch/include/torch/csrc/api/include/torch/serialize/input-archive.h:6,
                 from /root/miniconda3/envs/bdetr/lib/python3.7/site-packages/torch/include/torch/csrc/api/include/torch/serialize/archive.h:3,
                 from /root/miniconda3/envs/bdetr/lib/python3.7/site-packages/torch/include/torch/csrc/api/include/torch/serialize/tensor.h:3,
                 from pcdet/ops/pointnet2/pointnet2_stack/src/interpolate.cpp:8:
/root/miniconda3/envs/bdetr/lib/python3.7/site-packages/torch/include/ATen/core/TensorBody.h:216:7: note: declared here
  216 |   T * data() const {
      |       ^~~~
pcdet/ops/pointnet2/pointnet2_stack/src/interpolate.cpp:103:61: warning: ‘T* at::Tensor::data() const [with T = float]’ is deprecated: Tensor.data<T>() is deprecated. Please use Tensor.data_ptr<T>() instead. [-Wdeprecated-declarations]
  103 |     float *grad_features = grad_features_tensor.data<float>();
      |                                                             ^
In file included from /root/miniconda3/envs/bdetr/lib/python3.7/site-packages/torch/include/ATen/Tensor.h:3,
                 from /root/miniconda3/envs/bdetr/lib/python3.7/site-packages/torch/include/ATen/Context.h:4,
                 from /root/miniconda3/envs/bdetr/lib/python3.7/site-packages/torch/include/ATen/ATen.h:9,
                 from /root/miniconda3/envs/bdetr/lib/python3.7/site-packages/torch/include/torch/csrc/api/include/torch/types.h:3,
                 from /root/miniconda3/envs/bdetr/lib/python3.7/site-packages/torch/include/torch/csrc/api/include/torch/serialize/input-archive.h:6,
                 from /root/miniconda3/envs/bdetr/lib/python3.7/site-packages/torch/include/torch/csrc/api/include/torch/serialize/archive.h:3,
                 from /root/miniconda3/envs/bdetr/lib/python3.7/site-packages/torch/include/torch/csrc/api/include/torch/serialize/tensor.h:3,
                 from pcdet/ops/pointnet2/pointnet2_stack/src/interpolate.cpp:8:
/root/miniconda3/envs/bdetr/lib/python3.7/site-packages/torch/include/ATen/core/TensorBody.h:216:7: note: declared here
  216 |   T * data() const {
      |       ^~~~
/usr/local/cuda/bin/nvcc -I/root/miniconda3/envs/bdetr/lib/python3.7/site-packages/torch/include -I/root/miniconda3/envs/bdetr/lib/python3.7/site-packages/torch/include/torch/csrc/api/include -I/root/miniconda3/envs/bdetr/lib/python3.7/site-packages/torch/include/TH -I/root/miniconda3/envs/bdetr/lib/python3.7/site-packages/torch/include/THC -I/usr/local/cuda/include -I/root/autodl-tmp/mcln_pvground_runtime_20260908_v1/venv/include -I/root/miniconda3/envs/bdetr/include/python3.7m -c pcdet/ops/pointnet2/pointnet2_stack/src/interpolate_gpu.cu -o build/temp.linux-x86_64-3.7/pcdet/ops/pointnet2/pointnet2_stack/src/interpolate_gpu.o -D__CUDA_NO_HALF_OPERATORS__ -D__CUDA_NO_HALF_CONVERSIONS__ -D__CUDA_NO_BFLOAT16_CONVERSIONS__ -D__CUDA_NO_HALF2_OPERATORS__ --expt-relaxed-constexpr --compiler-options '-fPIC' -DTORCH_API_INCLUDE_EXTENSION_H -DPYBIND11_COMPILER_TYPE="_gcc" -DPYBIND11_STDLIB="_libstdcpp" -DPYBIND11_BUILD_ABI="_cxxabi1011" -DTORCH_EXTENSION_NAME=pointnet2_stack_cuda -D_GLIBCXX_USE_CXX11_ABI=0 -gencode=arch=compute_80,code=sm_80 -std=c++14
/root/miniconda3/envs/bdetr/lib/python3.7/site-packages/torch/include/ATen/core/builtin_function.h(110): warning #20236-D: pragma "diag_suppress" is deprecated, use "nv_diag_suppress" instead

/root/miniconda3/envs/bdetr/lib/python3.7/site-packages/torch/include/ATen/core/builtin_function.h(117): warning #20236-D: pragma "diag_default" is deprecated, use "nv_diag_default" instead

/root/miniconda3/envs/bdetr/lib/python3.7/site-packages/torch/include/ATen/core/builtin_function.h(110): warning #20236-D: pragma "diag_suppress" is deprecated, use "nv_diag_suppress" instead

/root/miniconda3/envs/bdetr/lib/python3.7/site-packages/torch/include/ATen/core/builtin_function.h(117): warning #20236-D: pragma "diag_default" is deprecated, use "nv_diag_default" instead

/root/miniconda3/envs/bdetr/lib/python3.7/site-packages/torch/include/ATen/core/builtin_function.h(110): warning #20236-D: pragma "diag_suppress" is deprecated, use "nv_diag_suppress" instead

/root/miniconda3/envs/bdetr/lib/python3.7/site-packages/torch/include/ATen/core/builtin_function.h(117): warning #20236-D: pragma "diag_default" is deprecated, use "nv_diag_default" instead

/root/miniconda3/envs/bdetr/lib/python3.7/site-packages/torch/include/ATen/core/builtin_function.h(110): warning #20236-D: pragma "diag_suppress" is deprecated, use "nv_diag_suppress" instead

/root/miniconda3/envs/bdetr/lib/python3.7/site-packages/torch/include/ATen/core/builtin_function.h(117): warning #20236-D: pragma "diag_default" is deprecated, use "nv_diag_default" instead

gcc -pthread -B /opt/anaconda1anaconda2anaconda3/compiler_compat -Wl,--sysroot=/ -Wsign-compare -DNDEBUG -g -fwrapv -O3 -Wall -Wstrict-prototypes -fPIC -I/root/miniconda3/envs/bdetr/lib/python3.7/site-packages/torch/include -I/root/miniconda3/envs/bdetr/lib/python3.7/site-packages/torch/include/torch/csrc/api/include -I/root/miniconda3/envs/bdetr/lib/python3.7/site-packages/torch/include/TH -I/root/miniconda3/envs/bdetr/lib/python3.7/site-packages/torch/include/THC -I/usr/local/cuda/include -I/root/autodl-tmp/mcln_pvground_runtime_20260908_v1/venv/include -I/root/miniconda3/envs/bdetr/include/python3.7m -c pcdet/ops/pointnet2/pointnet2_stack/src/pointnet2_api.cpp -o build/temp.linux-x86_64-3.7/pcdet/ops/pointnet2/pointnet2_stack/src/pointnet2_api.o -DTORCH_API_INCLUDE_EXTENSION_H -DPYBIND11_COMPILER_TYPE="_gcc" -DPYBIND11_STDLIB="_libstdcpp" -DPYBIND11_BUILD_ABI="_cxxabi1011" -DTORCH_EXTENSION_NAME=pointnet2_stack_cuda -D_GLIBCXX_USE_CXX11_ABI=0 -std=c++14
cc1plus: warning: command line option ‘-Wstrict-prototypes’ is valid for C/ObjC but not for C++
gcc -pthread -B /opt/anaconda1anaconda2anaconda3/compiler_compat -Wl,--sysroot=/ -Wsign-compare -DNDEBUG -g -fwrapv -O3 -Wall -Wstrict-prototypes -fPIC -I/root/miniconda3/envs/bdetr/lib/python3.7/site-packages/torch/include -I/root/miniconda3/envs/bdetr/lib/python3.7/site-packages/torch/include/torch/csrc/api/include -I/root/miniconda3/envs/bdetr/lib/python3.7/site-packages/torch/include/TH -I/root/miniconda3/envs/bdetr/lib/python3.7/site-packages/torch/include/THC -I/usr/local/cuda/include -I/root/autodl-tmp/mcln_pvground_runtime_20260908_v1/venv/include -I/root/miniconda3/envs/bdetr/include/python3.7m -c pcdet/ops/pointnet2/pointnet2_stack/src/sampling.cpp -o build/temp.linux-x86_64-3.7/pcdet/ops/pointnet2/pointnet2_stack/src/sampling.o -DTORCH_API_INCLUDE_EXTENSION_H -DPYBIND11_COMPILER_TYPE="_gcc" -DPYBIND11_STDLIB="_libstdcpp" -DPYBIND11_BUILD_ABI="_cxxabi1011" -DTORCH_EXTENSION_NAME=pointnet2_stack_cuda -D_GLIBCXX_USE_CXX11_ABI=0 -std=c++14
cc1plus: warning: command line option ‘-Wstrict-prototypes’ is valid for C/ObjC but not for C++
pcdet/ops/pointnet2/pointnet2_stack/src/sampling.cpp: In function ‘int farthest_point_sampling_wrapper(int, int, int, at::Tensor, at::Tensor, at::Tensor)’:
pcdet/ops/pointnet2/pointnet2_stack/src/sampling.cpp:7:15: warning: ‘at::DeprecatedTypeProperties& at::Tensor::type() const’ is deprecated: Tensor.type() is deprecated. Instead use Tensor.options(), which in many cases (e.g. in a constructor) is a drop-in replacement. If you were using data from type(), that is now available from Tensor itself, so instead of tensor.type().scalar_type(), use tensor.scalar_type() instead and instead of tensor.type().backend() use tensor.device(). [-Wdeprecated-declarations]
    7 |   if (!x.type().is_cuda()) { \
      |               ^
pcdet/ops/pointnet2/pointnet2_stack/src/sampling.cpp:18:24: note: in expansion of macro ‘CHECK_CUDA’
   18 | #define CHECK_INPUT(x) CHECK_CUDA(x);CHECK_CONTIGUOUS(x)
      |                        ^~~~~~~~~~
pcdet/ops/pointnet2/pointnet2_stack/src/sampling.cpp:24:5: note: in expansion of macro ‘CHECK_INPUT’
   24 |     CHECK_INPUT(points_tensor);
      |     ^~~~~~~~~~~
In file included from /root/miniconda3/envs/bdetr/lib/python3.7/site-packages/torch/include/ATen/Tensor.h:3,
                 from /root/miniconda3/envs/bdetr/lib/python3.7/site-packages/torch/include/ATen/Context.h:4,
                 from /root/miniconda3/envs/bdetr/lib/python3.7/site-packages/torch/include/ATen/ATen.h:9,
                 from /root/miniconda3/envs/bdetr/lib/python3.7/site-packages/torch/include/torch/csrc/api/include/torch/types.h:3,
                 from /root/miniconda3/envs/bdetr/lib/python3.7/site-packages/torch/include/torch/csrc/api/include/torch/serialize/input-archive.h:6,
                 from /root/miniconda3/envs/bdetr/lib/python3.7/site-packages/torch/include/torch/csrc/api/include/torch/serialize/archive.h:3,
                 from /root/miniconda3/envs/bdetr/lib/python3.7/site-packages/torch/include/torch/csrc/api/include/torch/serialize/tensor.h:3,
                 from pcdet/ops/pointnet2/pointnet2_stack/src/sampling.cpp:1:
/root/miniconda3/envs/bdetr/lib/python3.7/site-packages/torch/include/ATen/core/TensorBody.h:194:30: note: declared here
  194 |   DeprecatedTypeProperties & type() const {
      |                              ^~~~
pcdet/ops/pointnet2/pointnet2_stack/src/sampling.cpp:7:15: warning: ‘at::DeprecatedTypeProperties& at::Tensor::type() const’ is deprecated: Tensor.type() is deprecated. Instead use Tensor.options(), which in many cases (e.g. in a constructor) is a drop-in replacement. If you were using data from type(), that is now available from Tensor itself, so instead of tensor.type().scalar_type(), use tensor.scalar_type() instead and instead of tensor.type().backend() use tensor.device(). [-Wdeprecated-declarations]
    7 |   if (!x.type().is_cuda()) { \
      |               ^
pcdet/ops/pointnet2/pointnet2_stack/src/sampling.cpp:18:24: note: in expansion of macro ‘CHECK_CUDA’
   18 | #define CHECK_INPUT(x) CHECK_CUDA(x);CHECK_CONTIGUOUS(x)
      |                        ^~~~~~~~~~
pcdet/ops/pointnet2/pointnet2_stack/src/sampling.cpp:25:5: note: in expansion of macro ‘CHECK_INPUT’
   25 |     CHECK_INPUT(temp_tensor);
      |     ^~~~~~~~~~~
In file included from /root/miniconda3/envs/bdetr/lib/python3.7/site-packages/torch/include/ATen/Tensor.h:3,
                 from /root/miniconda3/envs/bdetr/lib/python3.7/site-packages/torch/include/ATen/Context.h:4,
                 from /root/miniconda3/envs/bdetr/lib/python3.7/site-packages/torch/include/ATen/ATen.h:9,
                 from /root/miniconda3/envs/bdetr/lib/python3.7/site-packages/torch/include/torch/csrc/api/include/torch/types.h:3,
                 from /root/miniconda3/envs/bdetr/lib/python3.7/site-packages/torch/include/torch/csrc/api/include/torch/serialize/input-archive.h:6,
                 from /root/miniconda3/envs/bdetr/lib/python3.7/site-packages/torch/include/torch/csrc/api/include/torch/serialize/archive.h:3,
                 from /root/miniconda3/envs/bdetr/lib/python3.7/site-packages/torch/include/torch/csrc/api/include/torch/serialize/tensor.h:3,
                 from pcdet/ops/pointnet2/pointnet2_stack/src/sampling.cpp:1:
/root/miniconda3/envs/bdetr/lib/python3.7/site-packages/torch/include/ATen/core/TensorBody.h:194:30: note: declared here
  194 |   DeprecatedTypeProperties & type() const {
      |                              ^~~~
pcdet/ops/pointnet2/pointnet2_stack/src/sampling.cpp:7:15: warning: ‘at::DeprecatedTypeProperties& at::Tensor::type() const’ is deprecated: Tensor.type() is deprecated. Instead use Tensor.options(), which in many cases (e.g. in a constructor) is a drop-in replacement. If you were using data from type(), that is now available from Tensor itself, so instead of tensor.type().scalar_type(), use tensor.scalar_type() instead and instead of tensor.type().backend() use tensor.device(). [-Wdeprecated-declarations]
    7 |   if (!x.type().is_cuda()) { \
      |               ^
pcdet/ops/pointnet2/pointnet2_stack/src/sampling.cpp:18:24: note: in expansion of macro ‘CHECK_CUDA’
   18 | #define CHECK_INPUT(x) CHECK_CUDA(x);CHECK_CONTIGUOUS(x)
      |                        ^~~~~~~~~~
pcdet/ops/pointnet2/pointnet2_stack/src/sampling.cpp:26:5: note: in expansion of macro ‘CHECK_INPUT’
   26 |     CHECK_INPUT(idx_tensor);
      |     ^~~~~~~~~~~
In file included from /root/miniconda3/envs/bdetr/lib/python3.7/site-packages/torch/include/ATen/Tensor.h:3,
                 from /root/miniconda3/envs/bdetr/lib/python3.7/site-packages/torch/include/ATen/Context.h:4,
                 from /root/miniconda3/envs/bdetr/lib/python3.7/site-packages/torch/include/ATen/ATen.h:9,
                 from /root/miniconda3/envs/bdetr/lib/python3.7/site-packages/torch/include/torch/csrc/api/include/torch/types.h:3,
                 from /root/miniconda3/envs/bdetr/lib/python3.7/site-packages/torch/include/torch/csrc/api/include/torch/serialize/input-archive.h:6,
                 from /root/miniconda3/envs/bdetr/lib/python3.7/site-packages/torch/include/torch/csrc/api/include/torch/serialize/archive.h:3,
                 from /root/miniconda3/envs/bdetr/lib/python3.7/site-packages/torch/include/torch/csrc/api/include/torch/serialize/tensor.h:3,
                 from pcdet/ops/pointnet2/pointnet2_stack/src/sampling.cpp:1:
/root/miniconda3/envs/bdetr/lib/python3.7/site-packages/torch/include/ATen/core/TensorBody.h:194:30: note: declared here
  194 |   DeprecatedTypeProperties & type() const {
      |                              ^~~~
pcdet/ops/pointnet2/pointnet2_stack/src/sampling.cpp:28:53: warning: ‘T* at::Tensor::data() const [with T = float]’ is deprecated: Tensor.data<T>() is deprecated. Please use Tensor.data_ptr<T>() instead. [-Wdeprecated-declarations]
   28 |     const float *points = points_tensor.data<float>();
      |                                                     ^
In file included from /root/miniconda3/envs/bdetr/lib/python3.7/site-packages/torch/include/ATen/Tensor.h:3,
                 from /root/miniconda3/envs/bdetr/lib/python3.7/site-packages/torch/include/ATen/Context.h:4,
                 from /root/miniconda3/envs/bdetr/lib/python3.7/site-packages/torch/include/ATen/ATen.h:9,
                 from /root/miniconda3/envs/bdetr/lib/python3.7/site-packages/torch/include/torch/csrc/api/include/torch/types.h:3,
                 from /root/miniconda3/envs/bdetr/lib/python3.7/site-packages/torch/include/torch/csrc/api/include/torch/serialize/input-archive.h:6,
                 from /root/miniconda3/envs/bdetr/lib/python3.7/site-packages/torch/include/torch/csrc/api/include/torch/serialize/archive.h:3,
                 from /root/miniconda3/envs/bdetr/lib/python3.7/site-packages/torch/include/torch/csrc/api/include/torch/serialize/tensor.h:3,
                 from pcdet/ops/pointnet2/pointnet2_stack/src/sampling.cpp:1:
/root/miniconda3/envs/bdetr/lib/python3.7/site-packages/torch/include/ATen/core/TensorBody.h:216:7: note: declared here
  216 |   T * data() const {
      |       ^~~~
pcdet/ops/pointnet2/pointnet2_stack/src/sampling.cpp:29:43: warning: ‘T* at::Tensor::data() const [with T = float]’ is deprecated: Tensor.data<T>() is deprecated. Please use Tensor.data_ptr<T>() instead. [-Wdeprecated-declarations]
   29 |     float *temp = temp_tensor.data<float>();
      |                                           ^
In file included from /root/miniconda3/envs/bdetr/lib/python3.7/site-packages/torch/include/ATen/Tensor.h:3,
                 from /root/miniconda3/envs/bdetr/lib/python3.7/site-packages/torch/include/ATen/Context.h:4,
                 from /root/miniconda3/envs/bdetr/lib/python3.7/site-packages/torch/include/ATen/ATen.h:9,
                 from /root/miniconda3/envs/bdetr/lib/python3.7/site-packages/torch/include/torch/csrc/api/include/torch/types.h:3,
                 from /root/miniconda3/envs/bdetr/lib/python3.7/site-packages/torch/include/torch/csrc/api/include/torch/serialize/input-archive.h:6,
                 from /root/miniconda3/envs/bdetr/lib/python3.7/site-packages/torch/include/torch/csrc/api/include/torch/serialize/archive.h:3,
                 from /root/miniconda3/envs/bdetr/lib/python3.7/site-packages/torch/include/torch/csrc/api/include/torch/serialize/tensor.h:3,
                 from pcdet/ops/pointnet2/pointnet2_stack/src/sampling.cpp:1:
/root/miniconda3/envs/bdetr/lib/python3.7/site-packages/torch/include/ATen/core/TensorBody.h:216:7: note: declared here
  216 |   T * data() const {
      |       ^~~~
pcdet/ops/pointnet2/pointnet2_stack/src/sampling.cpp:30:37: warning: ‘T* at::Tensor::data() const [with T = int]’ is deprecated: Tensor.data<T>() is deprecated. Please use Tensor.data_ptr<T>() instead. [-Wdeprecated-declarations]
   30 |     int *idx = idx_tensor.data<int>();
      |                                     ^
In file included from /root/miniconda3/envs/bdetr/lib/python3.7/site-packages/torch/include/ATen/Tensor.h:3,
                 from /root/miniconda3/envs/bdetr/lib/python3.7/site-packages/torch/include/ATen/Context.h:4,
                 from /root/miniconda3/envs/bdetr/lib/python3.7/site-packages/torch/include/ATen/ATen.h:9,
                 from /root/miniconda3/envs/bdetr/lib/python3.7/site-packages/torch/include/torch/csrc/api/include/torch/types.h:3,
                 from /root/miniconda3/envs/bdetr/lib/python3.7/site-packages/torch/include/torch/csrc/api/include/torch/serialize/input-archive.h:6,
                 from /root/miniconda3/envs/bdetr/lib/python3.7/site-packages/torch/include/torch/csrc/api/include/torch/serialize/archive.h:3,
                 from /root/miniconda3/envs/bdetr/lib/python3.7/site-packages/torch/include/torch/csrc/api/include/torch/serialize/tensor.h:3,
                 from pcdet/ops/pointnet2/pointnet2_stack/src/sampling.cpp:1:
/root/miniconda3/envs/bdetr/lib/python3.7/site-packages/torch/include/ATen/core/TensorBody.h:216:7: note: declared here
  216 |   T * data() const {
      |       ^~~~
pcdet/ops/pointnet2/pointnet2_stack/src/sampling.cpp: In function ‘int stack_farthest_point_sampling_wrapper(at::Tensor, at::Tensor, at::Tensor, at::Tensor, at::Tensor)’:
pcdet/ops/pointnet2/pointnet2_stack/src/sampling.cpp:7:15: warning: ‘at::DeprecatedTypeProperties& at::Tensor::type() const’ is deprecated: Tensor.type() is deprecated. Instead use Tensor.options(), which in many cases (e.g. in a constructor) is a drop-in replacement. If you were using data from type(), that is now available from Tensor itself, so instead of tensor.type().scalar_type(), use tensor.scalar_type() instead and instead of tensor.type().backend() use tensor.device(). [-Wdeprecated-declarations]
    7 |   if (!x.type().is_cuda()) { \
      |               ^
pcdet/ops/pointnet2/pointnet2_stack/src/sampling.cpp:18:24: note: in expansion of macro ‘CHECK_CUDA’
   18 | #define CHECK_INPUT(x) CHECK_CUDA(x);CHECK_CONTIGUOUS(x)
      |                        ^~~~~~~~~~
pcdet/ops/pointnet2/pointnet2_stack/src/sampling.cpp:41:5: note: in expansion of macro ‘CHECK_INPUT’
   41 |     CHECK_INPUT(points_tensor);
      |     ^~~~~~~~~~~
In file included from /root/miniconda3/envs/bdetr/lib/python3.7/site-packages/torch/include/ATen/Tensor.h:3,
                 from /root/miniconda3/envs/bdetr/lib/python3.7/site-packages/torch/include/ATen/Context.h:4,
                 from /root/miniconda3/envs/bdetr/lib/python3.7/site-packages/torch/include/ATen/ATen.h:9,
                 from /root/miniconda3/envs/bdetr/lib/python3.7/site-packages/torch/include/torch/csrc/api/include/torch/types.h:3,
                 from /root/miniconda3/envs/bdetr/lib/python3.7/site-packages/torch/include/torch/csrc/api/include/torch/serialize/input-archive.h:6,
                 from /root/miniconda3/envs/bdetr/lib/python3.7/site-packages/torch/include/torch/csrc/api/include/torch/serialize/archive.h:3,
                 from /root/miniconda3/envs/bdetr/lib/python3.7/site-packages/torch/include/torch/csrc/api/include/torch/serialize/tensor.h:3,
                 from pcdet/ops/pointnet2/pointnet2_stack/src/sampling.cpp:1:
/root/miniconda3/envs/bdetr/lib/python3.7/site-packages/torch/include/ATen/core/TensorBody.h:194:30: note: declared here
  194 |   DeprecatedTypeProperties & type() const {
      |                              ^~~~
pcdet/ops/pointnet2/pointnet2_stack/src/sampling.cpp:7:15: warning: ‘at::DeprecatedTypeProperties& at::Tensor::type() const’ is deprecated: Tensor.type() is deprecated. Instead use Tensor.options(), which in many cases (e.g. in a constructor) is a drop-in replacement. If you were using data from type(), that is now available from Tensor itself, so instead of tensor.type().scalar_type(), use tensor.scalar_type() instead and instead of tensor.type().backend() use tensor.device(). [-Wdeprecated-declarations]
    7 |   if (!x.type().is_cuda()) { \
      |               ^
pcdet/ops/pointnet2/pointnet2_stack/src/sampling.cpp:18:24: note: in expansion of macro ‘CHECK_CUDA’
   18 | #define CHECK_INPUT(x) CHECK_CUDA(x);CHECK_CONTIGUOUS(x)
      |                        ^~~~~~~~~~
pcdet/ops/pointnet2/pointnet2_stack/src/sampling.cpp:42:5: note: in expansion of macro ‘CHECK_INPUT’
   42 |     CHECK_INPUT(temp_tensor);
      |     ^~~~~~~~~~~
In file included from /root/miniconda3/envs/bdetr/lib/python3.7/site-packages/torch/include/ATen/Tensor.h:3,
                 from /root/miniconda3/envs/bdetr/lib/python3.7/site-packages/torch/include/ATen/Context.h:4,
                 from /root/miniconda3/envs/bdetr/lib/python3.7/site-packages/torch/include/ATen/ATen.h:9,
                 from /root/miniconda3/envs/bdetr/lib/python3.7/site-packages/torch/include/torch/csrc/api/include/torch/types.h:3,
                 from /root/miniconda3/envs/bdetr/lib/python3.7/site-packages/torch/include/torch/csrc/api/include/torch/serialize/input-archive.h:6,
                 from /root/miniconda3/envs/bdetr/lib/python3.7/site-packages/torch/include/torch/csrc/api/include/torch/serialize/archive.h:3,
                 from /root/miniconda3/envs/bdetr/lib/python3.7/site-packages/torch/include/torch/csrc/api/include/torch/serialize/tensor.h:3,
                 from pcdet/ops/pointnet2/pointnet2_stack/src/sampling.cpp:1:
/root/miniconda3/envs/bdetr/lib/python3.7/site-packages/torch/include/ATen/core/TensorBody.h:194:30: note: declared here
  194 |   DeprecatedTypeProperties & type() const {
      |                              ^~~~
pcdet/ops/pointnet2/pointnet2_stack/src/sampling.cpp:7:15: warning: ‘at::DeprecatedTypeProperties& at::Tensor::type() const’ is deprecated: Tensor.type() is deprecated. Instead use Tensor.options(), which in many cases (e.g. in a constructor) is a drop-in replacement. If you were using data from type(), that is now available from Tensor itself, so instead of tensor.type().scalar_type(), use tensor.scalar_type() instead and instead of tensor.type().backend() use tensor.device(). [-Wdeprecated-declarations]
    7 |   if (!x.type().is_cuda()) { \
      |               ^
pcdet/ops/pointnet2/pointnet2_stack/src/sampling.cpp:18:24: note: in expansion of macro ‘CHECK_CUDA’
   18 | #define CHECK_INPUT(x) CHECK_CUDA(x);CHECK_CONTIGUOUS(x)
      |                        ^~~~~~~~~~
pcdet/ops/pointnet2/pointnet2_stack/src/sampling.cpp:43:5: note: in expansion of macro ‘CHECK_INPUT’
   43 |     CHECK_INPUT(idx_tensor);
      |     ^~~~~~~~~~~
In file included from /root/miniconda3/envs/bdetr/lib/python3.7/site-packages/torch/include/ATen/Tensor.h:3,
                 from /root/miniconda3/envs/bdetr/lib/python3.7/site-packages/torch/include/ATen/Context.h:4,
                 from /root/miniconda3/envs/bdetr/lib/python3.7/site-packages/torch/include/ATen/ATen.h:9,
                 from /root/miniconda3/envs/bdetr/lib/python3.7/site-packages/torch/include/torch/csrc/api/include/torch/types.h:3,
                 from /root/miniconda3/envs/bdetr/lib/python3.7/site-packages/torch/include/torch/csrc/api/include/torch/serialize/input-archive.h:6,
                 from /root/miniconda3/envs/bdetr/lib/python3.7/site-packages/torch/include/torch/csrc/api/include/torch/serialize/archive.h:3,
                 from /root/miniconda3/envs/bdetr/lib/python3.7/site-packages/torch/include/torch/csrc/api/include/torch/serialize/tensor.h:3,
                 from pcdet/ops/pointnet2/pointnet2_stack/src/sampling.cpp:1:
/root/miniconda3/envs/bdetr/lib/python3.7/site-packages/torch/include/ATen/core/TensorBody.h:194:30: note: declared here
  194 |   DeprecatedTypeProperties & type() const {
      |                              ^~~~
pcdet/ops/pointnet2/pointnet2_stack/src/sampling.cpp:7:15: warning: ‘at::DeprecatedTypeProperties& at::Tensor::type() const’ is deprecated: Tensor.type() is deprecated. Instead use Tensor.options(), which in many cases (e.g. in a constructor) is a drop-in replacement. If you were using data from type(), that is now available from Tensor itself, so instead of tensor.type().scalar_type(), use tensor.scalar_type() instead and instead of tensor.type().backend() use tensor.device(). [-Wdeprecated-declarations]
    7 |   if (!x.type().is_cuda()) { \
      |               ^
pcdet/ops/pointnet2/pointnet2_stack/src/sampling.cpp:18:24: note: in expansion of macro ‘CHECK_CUDA’
   18 | #define CHECK_INPUT(x) CHECK_CUDA(x);CHECK_CONTIGUOUS(x)
      |                        ^~~~~~~~~~
pcdet/ops/pointnet2/pointnet2_stack/src/sampling.cpp:44:5: note: in expansion of macro ‘CHECK_INPUT’
   44 |     CHECK_INPUT(xyz_batch_cnt_tensor);
      |     ^~~~~~~~~~~
In file included from /root/miniconda3/envs/bdetr/lib/python3.7/site-packages/torch/include/ATen/Tensor.h:3,
                 from /root/miniconda3/envs/bdetr/lib/python3.7/site-packages/torch/include/ATen/Context.h:4,
                 from /root/miniconda3/envs/bdetr/lib/python3.7/site-packages/torch/include/ATen/ATen.h:9,
                 from /root/miniconda3/envs/bdetr/lib/python3.7/site-packages/torch/include/torch/csrc/api/include/torch/types.h:3,
                 from /root/miniconda3/envs/bdetr/lib/python3.7/site-packages/torch/include/torch/csrc/api/include/torch/serialize/input-archive.h:6,
                 from /root/miniconda3/envs/bdetr/lib/python3.7/site-packages/torch/include/torch/csrc/api/include/torch/serialize/archive.h:3,
                 from /root/miniconda3/envs/bdetr/lib/python3.7/site-packages/torch/include/torch/csrc/api/include/torch/serialize/tensor.h:3,
                 from pcdet/ops/pointnet2/pointnet2_stack/src/sampling.cpp:1:
/root/miniconda3/envs/bdetr/lib/python3.7/site-packages/torch/include/ATen/core/TensorBody.h:194:30: note: declared here
  194 |   DeprecatedTypeProperties & type() const {
      |                              ^~~~
pcdet/ops/pointnet2/pointnet2_stack/src/sampling.cpp:7:15: warning: ‘at::DeprecatedTypeProperties& at::Tensor::type() const’ is deprecated: Tensor.type() is deprecated. Instead use Tensor.options(), which in many cases (e.g. in a constructor) is a drop-in replacement. If you were using data from type(), that is now available from Tensor itself, so instead of tensor.type().scalar_type(), use tensor.scalar_type() instead and instead of tensor.type().backend() use tensor.device(). [-Wdeprecated-declarations]
    7 |   if (!x.type().is_cuda()) { \
      |               ^
pcdet/ops/pointnet2/pointnet2_stack/src/sampling.cpp:18:24: note: in expansion of macro ‘CHECK_CUDA’
   18 | #define CHECK_INPUT(x) CHECK_CUDA(x);CHECK_CONTIGUOUS(x)
      |                        ^~~~~~~~~~
pcdet/ops/pointnet2/pointnet2_stack/src/sampling.cpp:45:5: note: in expansion of macro ‘CHECK_INPUT’
   45 |     CHECK_INPUT(num_sampled_points_tensor);
      |     ^~~~~~~~~~~
In file included from /root/miniconda3/envs/bdetr/lib/python3.7/site-packages/torch/include/ATen/Tensor.h:3,
                 from /root/miniconda3/envs/bdetr/lib/python3.7/site-packages/torch/include/ATen/Context.h:4,
                 from /root/miniconda3/envs/bdetr/lib/python3.7/site-packages/torch/include/ATen/ATen.h:9,
                 from /root/miniconda3/envs/bdetr/lib/python3.7/site-packages/torch/include/torch/csrc/api/include/torch/types.h:3,
                 from /root/miniconda3/envs/bdetr/lib/python3.7/site-packages/torch/include/torch/csrc/api/include/torch/serialize/input-archive.h:6,
                 from /root/miniconda3/envs/bdetr/lib/python3.7/site-packages/torch/include/torch/csrc/api/include/torch/serialize/archive.h:3,
                 from /root/miniconda3/envs/bdetr/lib/python3.7/site-packages/torch/include/torch/csrc/api/include/torch/serialize/tensor.h:3,
                 from pcdet/ops/pointnet2/pointnet2_stack/src/sampling.cpp:1:
/root/miniconda3/envs/bdetr/lib/python3.7/site-packages/torch/include/ATen/core/TensorBody.h:194:30: note: declared here
  194 |   DeprecatedTypeProperties & type() const {
      |                              ^~~~
pcdet/ops/pointnet2/pointnet2_stack/src/sampling.cpp:49:53: warning: ‘T* at::Tensor::data() const [with T = float]’ is deprecated: Tensor.data<T>() is deprecated. Please use Tensor.data_ptr<T>() instead. [-Wdeprecated-declarations]
   49 |     const float *points = points_tensor.data<float>();
      |                                                     ^
In file included from /root/miniconda3/envs/bdetr/lib/python3.7/site-packages/torch/include/ATen/Tensor.h:3,
                 from /root/miniconda3/envs/bdetr/lib/python3.7/site-packages/torch/include/ATen/Context.h:4,
                 from /root/miniconda3/envs/bdetr/lib/python3.7/site-packages/torch/include/ATen/ATen.h:9,
                 from /root/miniconda3/envs/bdetr/lib/python3.7/site-packages/torch/include/torch/csrc/api/include/torch/types.h:3,
                 from /root/miniconda3/envs/bdetr/lib/python3.7/site-packages/torch/include/torch/csrc/api/include/torch/serialize/input-archive.h:6,
                 from /root/miniconda3/envs/bdetr/lib/python3.7/site-packages/torch/include/torch/csrc/api/include/torch/serialize/archive.h:3,
                 from /root/miniconda3/envs/bdetr/lib/python3.7/site-packages/torch/include/torch/csrc/api/include/torch/serialize/tensor.h:3,
                 from pcdet/ops/pointnet2/pointnet2_stack/src/sampling.cpp:1:
/root/miniconda3/envs/bdetr/lib/python3.7/site-packages/torch/include/ATen/core/TensorBody.h:216:7: note: declared here
  216 |   T * data() const {
      |       ^~~~
pcdet/ops/pointnet2/pointnet2_stack/src/sampling.cpp:50:43: warning: ‘T* at::Tensor::data() const [with T = float]’ is deprecated: Tensor.data<T>() is deprecated. Please use Tensor.data_ptr<T>() instead. [-Wdeprecated-declarations]
   50 |     float *temp = temp_tensor.data<float>();
      |                                           ^
In file included from /root/miniconda3/envs/bdetr/lib/python3.7/site-packages/torch/include/ATen/Tensor.h:3,
                 from /root/miniconda3/envs/bdetr/lib/python3.7/site-packages/torch/include/ATen/Context.h:4,
                 from /root/miniconda3/envs/bdetr/lib/python3.7/site-packages/torch/include/ATen/ATen.h:9,
                 from /root/miniconda3/envs/bdetr/lib/python3.7/site-packages/torch/include/torch/csrc/api/include/torch/types.h:3,
                 from /root/miniconda3/envs/bdetr/lib/python3.7/site-packages/torch/include/torch/csrc/api/include/torch/serialize/input-archive.h:6,
                 from /root/miniconda3/envs/bdetr/lib/python3.7/site-packages/torch/include/torch/csrc/api/include/torch/serialize/archive.h:3,
                 from /root/miniconda3/envs/bdetr/lib/python3.7/site-packages/torch/include/torch/csrc/api/include/torch/serialize/tensor.h:3,
                 from pcdet/ops/pointnet2/pointnet2_stack/src/sampling.cpp:1:
/root/miniconda3/envs/bdetr/lib/python3.7/site-packages/torch/include/ATen/core/TensorBody.h:216:7: note: declared here
  216 |   T * data() const {
      |       ^~~~
pcdet/ops/pointnet2/pointnet2_stack/src/sampling.cpp:51:57: warning: ‘T* at::Tensor::data() const [with T = int]’ is deprecated: Tensor.data<T>() is deprecated. Please use Tensor.data_ptr<T>() instead. [-Wdeprecated-declarations]
   51 |     int *xyz_batch_cnt = xyz_batch_cnt_tensor.data<int>();
      |                                                         ^
In file included from /root/miniconda3/envs/bdetr/lib/python3.7/site-packages/torch/include/ATen/Tensor.h:3,
                 from /root/miniconda3/envs/bdetr/lib/python3.7/site-packages/torch/include/ATen/Context.h:4,
                 from /root/miniconda3/envs/bdetr/lib/python3.7/site-packages/torch/include/ATen/ATen.h:9,
                 from /root/miniconda3/envs/bdetr/lib/python3.7/site-packages/torch/include/torch/csrc/api/include/torch/types.h:3,
                 from /root/miniconda3/envs/bdetr/lib/python3.7/site-packages/torch/include/torch/csrc/api/include/torch/serialize/input-archive.h:6,
                 from /root/miniconda3/envs/bdetr/lib/python3.7/site-packages/torch/include/torch/csrc/api/include/torch/serialize/archive.h:3,
                 from /root/miniconda3/envs/bdetr/lib/python3.7/site-packages/torch/include/torch/csrc/api/include/torch/serialize/tensor.h:3,
                 from pcdet/ops/pointnet2/pointnet2_stack/src/sampling.cpp:1:
/root/miniconda3/envs/bdetr/lib/python3.7/site-packages/torch/include/ATen/core/TensorBody.h:216:7: note: declared here
  216 |   T * data() const {
      |       ^~~~
pcdet/ops/pointnet2/pointnet2_stack/src/sampling.cpp:52:37: warning: ‘T* at::Tensor::data() const [with T = int]’ is deprecated: Tensor.data<T>() is deprecated. Please use Tensor.data_ptr<T>() instead. [-Wdeprecated-declarations]
   52 |     int *idx = idx_tensor.data<int>();
      |                                     ^
In file included from /root/miniconda3/envs/bdetr/lib/python3.7/site-packages/torch/include/ATen/Tensor.h:3,
                 from /root/miniconda3/envs/bdetr/lib/python3.7/site-packages/torch/include/ATen/Context.h:4,
                 from /root/miniconda3/envs/bdetr/lib/python3.7/site-packages/torch/include/ATen/ATen.h:9,
                 from /root/miniconda3/envs/bdetr/lib/python3.7/site-packages/torch/include/torch/csrc/api/include/torch/types.h:3,
                 from /root/miniconda3/envs/bdetr/lib/python3.7/site-packages/torch/include/torch/csrc/api/include/torch/serialize/input-archive.h:6,
                 from /root/miniconda3/envs/bdetr/lib/python3.7/site-packages/torch/include/torch/csrc/api/include/torch/serialize/archive.h:3,
                 from /root/miniconda3/envs/bdetr/lib/python3.7/site-packages/torch/include/torch/csrc/api/include/torch/serialize/tensor.h:3,
                 from pcdet/ops/pointnet2/pointnet2_stack/src/sampling.cpp:1:
/root/miniconda3/envs/bdetr/lib/python3.7/site-packages/torch/include/ATen/core/TensorBody.h:216:7: note: declared here
  216 |   T * data() const {
      |       ^~~~
pcdet/ops/pointnet2/pointnet2_stack/src/sampling.cpp:53:67: warning: ‘T* at::Tensor::data() const [with T = int]’ is deprecated: Tensor.data<T>() is deprecated. Please use Tensor.data_ptr<T>() instead. [-Wdeprecated-declarations]
   53 |     int *num_sampled_points = num_sampled_points_tensor.data<int>();
      |                                                                   ^
In file included from /root/miniconda3/envs/bdetr/lib/python3.7/site-packages/torch/include/ATen/Tensor.h:3,
                 from /root/miniconda3/envs/bdetr/lib/python3.7/site-packages/torch/include/ATen/Context.h:4,
                 from /root/miniconda3/envs/bdetr/lib/python3.7/site-packages/torch/include/ATen/ATen.h:9,
                 from /root/miniconda3/envs/bdetr/lib/python3.7/site-packages/torch/include/torch/csrc/api/include/torch/types.h:3,
                 from /root/miniconda3/envs/bdetr/lib/python3.7/site-packages/torch/include/torch/csrc/api/include/torch/serialize/input-archive.h:6,
                 from /root/miniconda3/envs/bdetr/lib/python3.7/site-packages/torch/include/torch/csrc/api/include/torch/serialize/archive.h:3,
                 from /root/miniconda3/envs/bdetr/lib/python3.7/site-packages/torch/include/torch/csrc/api/include/torch/serialize/tensor.h:3,
                 from pcdet/ops/pointnet2/pointnet2_stack/src/sampling.cpp:1:
/root/miniconda3/envs/bdetr/lib/python3.7/site-packages/torch/include/ATen/core/TensorBody.h:216:7: note: declared here
  216 |   T * data() const {
      |       ^~~~
/usr/local/cuda/bin/nvcc -I/root/miniconda3/envs/bdetr/lib/python3.7/site-packages/torch/include -I/root/miniconda3/envs/bdetr/lib/python3.7/site-packages/torch/include/torch/csrc/api/include -I/root/miniconda3/envs/bdetr/lib/python3.7/site-packages/torch/include/TH -I/root/miniconda3/envs/bdetr/lib/python3.7/site-packages/torch/include/THC -I/usr/local/cuda/include -I/root/autodl-tmp/mcln_pvground_runtime_20260908_v1/venv/include -I/root/miniconda3/envs/bdetr/include/python3.7m -c pcdet/ops/pointnet2/pointnet2_stack/src/sampling_gpu.cu -o build/temp.linux-x86_64-3.7/pcdet/ops/pointnet2/pointnet2_stack/src/sampling_gpu.o -D__CUDA_NO_HALF_OPERATORS__ -D__CUDA_NO_HALF_CONVERSIONS__ -D__CUDA_NO_BFLOAT16_CONVERSIONS__ -D__CUDA_NO_HALF2_OPERATORS__ --expt-relaxed-constexpr --compiler-options '-fPIC' -DTORCH_API_INCLUDE_EXTENSION_H -DPYBIND11_COMPILER_TYPE="_gcc" -DPYBIND11_STDLIB="_libstdcpp" -DPYBIND11_BUILD_ABI="_cxxabi1011" -DTORCH_EXTENSION_NAME=pointnet2_stack_cuda -D_GLIBCXX_USE_CXX11_ABI=0 -gencode=arch=compute_80,code=sm_80 -std=c++14
/root/miniconda3/envs/bdetr/lib/python3.7/site-packages/torch/include/ATen/core/builtin_function.h(110): warning #20236-D: pragma "diag_suppress" is deprecated, use "nv_diag_suppress" instead

/root/miniconda3/envs/bdetr/lib/python3.7/site-packages/torch/include/ATen/core/builtin_function.h(117): warning #20236-D: pragma "diag_default" is deprecated, use "nv_diag_default" instead

/root/miniconda3/envs/bdetr/lib/python3.7/site-packages/torch/include/ATen/core/builtin_function.h(110): warning #20236-D: pragma "diag_suppress" is deprecated, use "nv_diag_suppress" instead

/root/miniconda3/envs/bdetr/lib/python3.7/site-packages/torch/include/ATen/core/builtin_function.h(117): warning #20236-D: pragma "diag_default" is deprecated, use "nv_diag_default" instead

/root/miniconda3/envs/bdetr/lib/python3.7/site-packages/torch/include/ATen/core/builtin_function.h(110): warning #20236-D: pragma "diag_suppress" is deprecated, use "nv_diag_suppress" instead

/root/miniconda3/envs/bdetr/lib/python3.7/site-packages/torch/include/ATen/core/builtin_function.h(117): warning #20236-D: pragma "diag_default" is deprecated, use "nv_diag_default" instead

/root/miniconda3/envs/bdetr/lib/python3.7/site-packages/torch/include/ATen/core/builtin_function.h(110): warning #20236-D: pragma "diag_suppress" is deprecated, use "nv_diag_suppress" instead

/root/miniconda3/envs/bdetr/lib/python3.7/site-packages/torch/include/ATen/core/builtin_function.h(117): warning #20236-D: pragma "diag_default" is deprecated, use "nv_diag_default" instead

gcc -pthread -B /opt/anaconda1anaconda2anaconda3/compiler_compat -Wl,--sysroot=/ -Wsign-compare -DNDEBUG -g -fwrapv -O3 -Wall -Wstrict-prototypes -fPIC -I/root/miniconda3/envs/bdetr/lib/python3.7/site-packages/torch/include -I/root/miniconda3/envs/bdetr/lib/python3.7/site-packages/torch/include/torch/csrc/api/include -I/root/miniconda3/envs/bdetr/lib/python3.7/site-packages/torch/include/TH -I/root/miniconda3/envs/bdetr/lib/python3.7/site-packages/torch/include/THC -I/usr/local/cuda/include -I/root/autodl-tmp/mcln_pvground_runtime_20260908_v1/venv/include -I/root/miniconda3/envs/bdetr/include/python3.7m -c pcdet/ops/pointnet2/pointnet2_stack/src/vector_pool.cpp -o build/temp.linux-x86_64-3.7/pcdet/ops/pointnet2/pointnet2_stack/src/vector_pool.o -DTORCH_API_INCLUDE_EXTENSION_H -DPYBIND11_COMPILER_TYPE="_gcc" -DPYBIND11_STDLIB="_libstdcpp" -DPYBIND11_BUILD_ABI="_cxxabi1011" -DTORCH_EXTENSION_NAME=pointnet2_stack_cuda -D_GLIBCXX_USE_CXX11_ABI=0 -std=c++14
cc1plus: warning: command line option ‘-Wstrict-prototypes’ is valid for C/ObjC but not for C++
pcdet/ops/pointnet2/pointnet2_stack/src/vector_pool.cpp: In function ‘int query_stacked_local_neighbor_idxs_wrapper_stack(at::Tensor, at::Tensor, at::Tensor, at::Tensor, at::Tensor, at::Tensor, at::Tensor, int, float, int, int)’:
pcdet/ops/pointnet2/pointnet2_stack/src/vector_pool.cpp:18:15: warning: ‘at::DeprecatedTypeProperties& at::Tensor::type() const’ is deprecated: Tensor.type() is deprecated. Instead use Tensor.options(), which in many cases (e.g. in a constructor) is a drop-in replacement. If you were using data from type(), that is now available from Tensor itself, so instead of tensor.type().scalar_type(), use tensor.scalar_type() instead and instead of tensor.type().backend() use tensor.device(). [-Wdeprecated-declarations]
   18 |   if (!x.type().is_cuda()) { \
      |               ^
pcdet/ops/pointnet2/pointnet2_stack/src/vector_pool.cpp:29:24: note: in expansion of macro ‘CHECK_CUDA’
   29 | #define CHECK_INPUT(x) CHECK_CUDA(x);CHECK_CONTIGUOUS(x)
      |                        ^~~~~~~~~~
pcdet/ops/pointnet2/pointnet2_stack/src/vector_pool.cpp:47:5: note: in expansion of macro ‘CHECK_INPUT’
   47 |     CHECK_INPUT(support_xyz_tensor);
      |     ^~~~~~~~~~~
In file included from /root/miniconda3/envs/bdetr/lib/python3.7/site-packages/torch/include/ATen/Tensor.h:3,
                 from /root/miniconda3/envs/bdetr/lib/python3.7/site-packages/torch/include/ATen/Context.h:4,
                 from /root/miniconda3/envs/bdetr/lib/python3.7/site-packages/torch/include/ATen/ATen.h:9,
                 from /root/miniconda3/envs/bdetr/lib/python3.7/site-packages/torch/include/torch/csrc/api/include/torch/types.h:3,
                 from /root/miniconda3/envs/bdetr/lib/python3.7/site-packages/torch/include/torch/csrc/api/include/torch/serialize/input-archive.h:6,
                 from /root/miniconda3/envs/bdetr/lib/python3.7/site-packages/torch/include/torch/csrc/api/include/torch/serialize/archive.h:3,
                 from /root/miniconda3/envs/bdetr/lib/python3.7/site-packages/torch/include/torch/csrc/api/include/torch/serialize/tensor.h:3,
                 from pcdet/ops/pointnet2/pointnet2_stack/src/vector_pool.cpp:11:
/root/miniconda3/envs/bdetr/lib/python3.7/site-packages/torch/include/ATen/core/TensorBody.h:194:30: note: declared here
  194 |   DeprecatedTypeProperties & type() const {
      |                              ^~~~
pcdet/ops/pointnet2/pointnet2_stack/src/vector_pool.cpp:18:15: warning: ‘at::DeprecatedTypeProperties& at::Tensor::type() const’ is deprecated: Tensor.type() is deprecated. Instead use Tensor.options(), which in many cases (e.g. in a constructor) is a drop-in replacement. If you were using data from type(), that is now available from Tensor itself, so instead of tensor.type().scalar_type(), use tensor.scalar_type() instead and instead of tensor.type().backend() use tensor.device(). [-Wdeprecated-declarations]
   18 |   if (!x.type().is_cuda()) { \
      |               ^
pcdet/ops/pointnet2/pointnet2_stack/src/vector_pool.cpp:29:24: note: in expansion of macro ‘CHECK_CUDA’
   29 | #define CHECK_INPUT(x) CHECK_CUDA(x);CHECK_CONTIGUOUS(x)
      |                        ^~~~~~~~~~
pcdet/ops/pointnet2/pointnet2_stack/src/vector_pool.cpp:48:5: note: in expansion of macro ‘CHECK_INPUT’
   48 |     CHECK_INPUT(xyz_batch_cnt_tensor);
      |     ^~~~~~~~~~~
In file included from /root/miniconda3/envs/bdetr/lib/python3.7/site-packages/torch/include/ATen/Tensor.h:3,
                 from /root/miniconda3/envs/bdetr/lib/python3.7/site-packages/torch/include/ATen/Context.h:4,
                 from /root/miniconda3/envs/bdetr/lib/python3.7/site-packages/torch/include/ATen/ATen.h:9,
                 from /root/miniconda3/envs/bdetr/lib/python3.7/site-packages/torch/include/torch/csrc/api/include/torch/types.h:3,
                 from /root/miniconda3/envs/bdetr/lib/python3.7/site-packages/torch/include/torch/csrc/api/include/torch/serialize/input-archive.h:6,
                 from /root/miniconda3/envs/bdetr/lib/python3.7/site-packages/torch/include/torch/csrc/api/include/torch/serialize/archive.h:3,
                 from /root/miniconda3/envs/bdetr/lib/python3.7/site-packages/torch/include/torch/csrc/api/include/torch/serialize/tensor.h:3,
                 from pcdet/ops/pointnet2/pointnet2_stack/src/vector_pool.cpp:11:
/root/miniconda3/envs/bdetr/lib/python3.7/site-packages/torch/include/ATen/core/TensorBody.h:194:30: note: declared here
  194 |   DeprecatedTypeProperties & type() const {
      |                              ^~~~
pcdet/ops/pointnet2/pointnet2_stack/src/vector_pool.cpp:18:15: warning: ‘at::DeprecatedTypeProperties& at::Tensor::type() const’ is deprecated: Tensor.type() is deprecated. Instead use Tensor.options(), which in many cases (e.g. in a constructor) is a drop-in replacement. If you were using data from type(), that is now available from Tensor itself, so instead of tensor.type().scalar_type(), use tensor.scalar_type() instead and instead of tensor.type().backend() use tensor.device(). [-Wdeprecated-declarations]
   18 |   if (!x.type().is_cuda()) { \
      |               ^
pcdet/ops/pointnet2/pointnet2_stack/src/vector_pool.cpp:29:24: note: in expansion of macro ‘CHECK_CUDA’
   29 | #define CHECK_INPUT(x) CHECK_CUDA(x);CHECK_CONTIGUOUS(x)
      |                        ^~~~~~~~~~
pcdet/ops/pointnet2/pointnet2_stack/src/vector_pool.cpp:49:5: note: in expansion of macro ‘CHECK_INPUT’
   49 |     CHECK_INPUT(new_xyz_tensor);
      |     ^~~~~~~~~~~
In file included from /root/miniconda3/envs/bdetr/lib/python3.7/site-packages/torch/include/ATen/Tensor.h:3,
                 from /root/miniconda3/envs/bdetr/lib/python3.7/site-packages/torch/include/ATen/Context.h:4,
                 from /root/miniconda3/envs/bdetr/lib/python3.7/site-packages/torch/include/ATen/ATen.h:9,
                 from /root/miniconda3/envs/bdetr/lib/python3.7/site-packages/torch/include/torch/csrc/api/include/torch/types.h:3,
                 from /root/miniconda3/envs/bdetr/lib/python3.7/site-packages/torch/include/torch/csrc/api/include/torch/serialize/input-archive.h:6,
                 from /root/miniconda3/envs/bdetr/lib/python3.7/site-packages/torch/include/torch/csrc/api/include/torch/serialize/archive.h:3,
                 from /root/miniconda3/envs/bdetr/lib/python3.7/site-packages/torch/include/torch/csrc/api/include/torch/serialize/tensor.h:3,
                 from pcdet/ops/pointnet2/pointnet2_stack/src/vector_pool.cpp:11:
/root/miniconda3/envs/bdetr/lib/python3.7/site-packages/torch/include/ATen/core/TensorBody.h:194:30: note: declared here
  194 |   DeprecatedTypeProperties & type() const {
      |                              ^~~~
pcdet/ops/pointnet2/pointnet2_stack/src/vector_pool.cpp:18:15: warning: ‘at::DeprecatedTypeProperties& at::Tensor::type() const’ is deprecated: Tensor.type() is deprecated. Instead use Tensor.options(), which in many cases (e.g. in a constructor) is a drop-in replacement. If you were using data from type(), that is now available from Tensor itself, so instead of tensor.type().scalar_type(), use tensor.scalar_type() instead and instead of tensor.type().backend() use tensor.device(). [-Wdeprecated-declarations]
   18 |   if (!x.type().is_cuda()) { \
      |               ^
pcdet/ops/pointnet2/pointnet2_stack/src/vector_pool.cpp:29:24: note: in expansion of macro ‘CHECK_CUDA’
   29 | #define CHECK_INPUT(x) CHECK_CUDA(x);CHECK_CONTIGUOUS(x)
      |                        ^~~~~~~~~~
pcdet/ops/pointnet2/pointnet2_stack/src/vector_pool.cpp:50:5: note: in expansion of macro ‘CHECK_INPUT’
   50 |     CHECK_INPUT(new_xyz_batch_cnt_tensor);
      |     ^~~~~~~~~~~
In file included from /root/miniconda3/envs/bdetr/lib/python3.7/site-packages/torch/include/ATen/Tensor.h:3,
                 from /root/miniconda3/envs/bdetr/lib/python3.7/site-packages/torch/include/ATen/Context.h:4,
                 from /root/miniconda3/envs/bdetr/lib/python3.7/site-packages/torch/include/ATen/ATen.h:9,
                 from /root/miniconda3/envs/bdetr/lib/python3.7/site-packages/torch/include/torch/csrc/api/include/torch/types.h:3,
                 from /root/miniconda3/envs/bdetr/lib/python3.7/site-packages/torch/include/torch/csrc/api/include/torch/serialize/input-archive.h:6,
                 from /root/miniconda3/envs/bdetr/lib/python3.7/site-packages/torch/include/torch/csrc/api/include/torch/serialize/archive.h:3,
                 from /root/miniconda3/envs/bdetr/lib/python3.7/site-packages/torch/include/torch/csrc/api/include/torch/serialize/tensor.h:3,
                 from pcdet/ops/pointnet2/pointnet2_stack/src/vector_pool.cpp:11:
/root/miniconda3/envs/bdetr/lib/python3.7/site-packages/torch/include/ATen/core/TensorBody.h:194:30: note: declared here
  194 |   DeprecatedTypeProperties & type() const {
      |                              ^~~~
pcdet/ops/pointnet2/pointnet2_stack/src/vector_pool.cpp:18:15: warning: ‘at::DeprecatedTypeProperties& at::Tensor::type() const’ is deprecated: Tensor.type() is deprecated. Instead use Tensor.options(), which in many cases (e.g. in a constructor) is a drop-in replacement. If you were using data from type(), that is now available from Tensor itself, so instead of tensor.type().scalar_type(), use tensor.scalar_type() instead and instead of tensor.type().backend() use tensor.device(). [-Wdeprecated-declarations]
   18 |   if (!x.type().is_cuda()) { \
      |               ^
pcdet/ops/pointnet2/pointnet2_stack/src/vector_pool.cpp:29:24: note: in expansion of macro ‘CHECK_CUDA’
   29 | #define CHECK_INPUT(x) CHECK_CUDA(x);CHECK_CONTIGUOUS(x)
      |                        ^~~~~~~~~~
pcdet/ops/pointnet2/pointnet2_stack/src/vector_pool.cpp:51:5: note: in expansion of macro ‘CHECK_INPUT’
   51 |     CHECK_INPUT(stack_neighbor_idxs_tensor);
      |     ^~~~~~~~~~~
In file included from /root/miniconda3/envs/bdetr/lib/python3.7/site-packages/torch/include/ATen/Tensor.h:3,
                 from /root/miniconda3/envs/bdetr/lib/python3.7/site-packages/torch/include/ATen/Context.h:4,
                 from /root/miniconda3/envs/bdetr/lib/python3.7/site-packages/torch/include/ATen/ATen.h:9,
                 from /root/miniconda3/envs/bdetr/lib/python3.7/site-packages/torch/include/torch/csrc/api/include/torch/types.h:3,
                 from /root/miniconda3/envs/bdetr/lib/python3.7/site-packages/torch/include/torch/csrc/api/include/torch/serialize/input-archive.h:6,
                 from /root/miniconda3/envs/bdetr/lib/python3.7/site-packages/torch/include/torch/csrc/api/include/torch/serialize/archive.h:3,
                 from /root/miniconda3/envs/bdetr/lib/python3.7/site-packages/torch/include/torch/csrc/api/include/torch/serialize/tensor.h:3,
                 from pcdet/ops/pointnet2/pointnet2_stack/src/vector_pool.cpp:11:
/root/miniconda3/envs/bdetr/lib/python3.7/site-packages/torch/include/ATen/core/TensorBody.h:194:30: note: declared here
  194 |   DeprecatedTypeProperties & type() const {
      |                              ^~~~
pcdet/ops/pointnet2/pointnet2_stack/src/vector_pool.cpp:18:15: warning: ‘at::DeprecatedTypeProperties& at::Tensor::type() const’ is deprecated: Tensor.type() is deprecated. Instead use Tensor.options(), which in many cases (e.g. in a constructor) is a drop-in replacement. If you were using data from type(), that is now available from Tensor itself, so instead of tensor.type().scalar_type(), use tensor.scalar_type() instead and instead of tensor.type().backend() use tensor.device(). [-Wdeprecated-declarations]
   18 |   if (!x.type().is_cuda()) { \
      |               ^
pcdet/ops/pointnet2/pointnet2_stack/src/vector_pool.cpp:29:24: note: in expansion of macro ‘CHECK_CUDA’
   29 | #define CHECK_INPUT(x) CHECK_CUDA(x);CHECK_CONTIGUOUS(x)
      |                        ^~~~~~~~~~
pcdet/ops/pointnet2/pointnet2_stack/src/vector_pool.cpp:52:5: note: in expansion of macro ‘CHECK_INPUT’
   52 |     CHECK_INPUT(start_len_tensor);
      |     ^~~~~~~~~~~
In file included from /root/miniconda3/envs/bdetr/lib/python3.7/site-packages/torch/include/ATen/Tensor.h:3,
                 from /root/miniconda3/envs/bdetr/lib/python3.7/site-packages/torch/include/ATen/Context.h:4,
                 from /root/miniconda3/envs/bdetr/lib/python3.7/site-packages/torch/include/ATen/ATen.h:9,
                 from /root/miniconda3/envs/bdetr/lib/python3.7/site-packages/torch/include/torch/csrc/api/include/torch/types.h:3,
                 from /root/miniconda3/envs/bdetr/lib/python3.7/site-packages/torch/include/torch/csrc/api/include/torch/serialize/input-archive.h:6,
                 from /root/miniconda3/envs/bdetr/lib/python3.7/site-packages/torch/include/torch/csrc/api/include/torch/serialize/archive.h:3,
                 from /root/miniconda3/envs/bdetr/lib/python3.7/site-packages/torch/include/torch/csrc/api/include/torch/serialize/tensor.h:3,
                 from pcdet/ops/pointnet2/pointnet2_stack/src/vector_pool.cpp:11:
/root/miniconda3/envs/bdetr/lib/python3.7/site-packages/torch/include/ATen/core/TensorBody.h:194:30: note: declared here
  194 |   DeprecatedTypeProperties & type() const {
      |                              ^~~~
pcdet/ops/pointnet2/pointnet2_stack/src/vector_pool.cpp:18:15: warning: ‘at::DeprecatedTypeProperties& at::Tensor::type() const’ is deprecated: Tensor.type() is deprecated. Instead use Tensor.options(), which in many cases (e.g. in a constructor) is a drop-in replacement. If you were using data from type(), that is now available from Tensor itself, so instead of tensor.type().scalar_type(), use tensor.scalar_type() instead and instead of tensor.type().backend() use tensor.device(). [-Wdeprecated-declarations]
   18 |   if (!x.type().is_cuda()) { \
      |               ^
pcdet/ops/pointnet2/pointnet2_stack/src/vector_pool.cpp:29:24: note: in expansion of macro ‘CHECK_CUDA’
   29 | #define CHECK_INPUT(x) CHECK_CUDA(x);CHECK_CONTIGUOUS(x)
      |                        ^~~~~~~~~~
pcdet/ops/pointnet2/pointnet2_stack/src/vector_pool.cpp:53:5: note: in expansion of macro ‘CHECK_INPUT’
   53 |     CHECK_INPUT(cumsum_tensor);
      |     ^~~~~~~~~~~
In file included from /root/miniconda3/envs/bdetr/lib/python3.7/site-packages/torch/include/ATen/Tensor.h:3,
                 from /root/miniconda3/envs/bdetr/lib/python3.7/site-packages/torch/include/ATen/Context.h:4,
                 from /root/miniconda3/envs/bdetr/lib/python3.7/site-packages/torch/include/ATen/ATen.h:9,
                 from /root/miniconda3/envs/bdetr/lib/python3.7/site-packages/torch/include/torch/csrc/api/include/torch/types.h:3,
                 from /root/miniconda3/envs/bdetr/lib/python3.7/site-packages/torch/include/torch/csrc/api/include/torch/serialize/input-archive.h:6,
                 from /root/miniconda3/envs/bdetr/lib/python3.7/site-packages/torch/include/torch/csrc/api/include/torch/serialize/archive.h:3,
                 from /root/miniconda3/envs/bdetr/lib/python3.7/site-packages/torch/include/torch/csrc/api/include/torch/serialize/tensor.h:3,
                 from pcdet/ops/pointnet2/pointnet2_stack/src/vector_pool.cpp:11:
/root/miniconda3/envs/bdetr/lib/python3.7/site-packages/torch/include/ATen/core/TensorBody.h:194:30: note: declared here
  194 |   DeprecatedTypeProperties & type() const {
      |                              ^~~~
pcdet/ops/pointnet2/pointnet2_stack/src/vector_pool.cpp:55:63: warning: ‘T* at::Tensor::data() const [with T = float]’ is deprecated: Tensor.data<T>() is deprecated. Please use Tensor.data_ptr<T>() instead. [-Wdeprecated-declarations]
   55 |     const float *support_xyz = support_xyz_tensor.data<float>();
      |                                                               ^
In file included from /root/miniconda3/envs/bdetr/lib/python3.7/site-packages/torch/include/ATen/Tensor.h:3,
                 from /root/miniconda3/envs/bdetr/lib/python3.7/site-packages/torch/include/ATen/Context.h:4,
                 from /root/miniconda3/envs/bdetr/lib/python3.7/site-packages/torch/include/ATen/ATen.h:9,
                 from /root/miniconda3/envs/bdetr/lib/python3.7/site-packages/torch/include/torch/csrc/api/include/torch/types.h:3,
                 from /root/miniconda3/envs/bdetr/lib/python3.7/site-packages/torch/include/torch/csrc/api/include/torch/serialize/input-archive.h:6,
                 from /root/miniconda3/envs/bdetr/lib/python3.7/site-packages/torch/include/torch/csrc/api/include/torch/serialize/archive.h:3,
                 from /root/miniconda3/envs/bdetr/lib/python3.7/site-packages/torch/include/torch/csrc/api/include/torch/serialize/tensor.h:3,
                 from pcdet/ops/pointnet2/pointnet2_stack/src/vector_pool.cpp:11:
/root/miniconda3/envs/bdetr/lib/python3.7/site-packages/torch/include/ATen/core/TensorBody.h:216:7: note: declared here
  216 |   T * data() const {
      |       ^~~~
pcdet/ops/pointnet2/pointnet2_stack/src/vector_pool.cpp:56:63: warning: ‘T* at::Tensor::data() const [with T = int]’ is deprecated: Tensor.data<T>() is deprecated. Please use Tensor.data_ptr<T>() instead. [-Wdeprecated-declarations]
   56 |     const int *xyz_batch_cnt = xyz_batch_cnt_tensor.data<int>();
      |                                                               ^
In file included from /root/miniconda3/envs/bdetr/lib/python3.7/site-packages/torch/include/ATen/Tensor.h:3,
                 from /root/miniconda3/envs/bdetr/lib/python3.7/site-packages/torch/include/ATen/Context.h:4,
                 from /root/miniconda3/envs/bdetr/lib/python3.7/site-packages/torch/include/ATen/ATen.h:9,
                 from /root/miniconda3/envs/bdetr/lib/python3.7/site-packages/torch/include/torch/csrc/api/include/torch/types.h:3,
                 from /root/miniconda3/envs/bdetr/lib/python3.7/site-packages/torch/include/torch/csrc/api/include/torch/serialize/input-archive.h:6,
                 from /root/miniconda3/envs/bdetr/lib/python3.7/site-packages/torch/include/torch/csrc/api/include/torch/serialize/archive.h:3,
                 from /root/miniconda3/envs/bdetr/lib/python3.7/site-packages/torch/include/torch/csrc/api/include/torch/serialize/tensor.h:3,
                 from pcdet/ops/pointnet2/pointnet2_stack/src/vector_pool.cpp:11:
/root/miniconda3/envs/bdetr/lib/python3.7/site-packages/torch/include/ATen/core/TensorBody.h:216:7: note: declared here
  216 |   T * data() const {
      |       ^~~~
pcdet/ops/pointnet2/pointnet2_stack/src/vector_pool.cpp:57:55: warning: ‘T* at::Tensor::data() const [with T = float]’ is deprecated: Tensor.data<T>() is deprecated. Please use Tensor.data_ptr<T>() instead. [-Wdeprecated-declarations]
   57 |     const float *new_xyz = new_xyz_tensor.data<float>();
      |                                                       ^
In file included from /root/miniconda3/envs/bdetr/lib/python3.7/site-packages/torch/include/ATen/Tensor.h:3,
                 from /root/miniconda3/envs/bdetr/lib/python3.7/site-packages/torch/include/ATen/Context.h:4,
                 from /root/miniconda3/envs/bdetr/lib/python3.7/site-packages/torch/include/ATen/ATen.h:9,
                 from /root/miniconda3/envs/bdetr/lib/python3.7/site-packages/torch/include/torch/csrc/api/include/torch/types.h:3,
                 from /root/miniconda3/envs/bdetr/lib/python3.7/site-packages/torch/include/torch/csrc/api/include/torch/serialize/input-archive.h:6,
                 from /root/miniconda3/envs/bdetr/lib/python3.7/site-packages/torch/include/torch/csrc/api/include/torch/serialize/archive.h:3,
                 from /root/miniconda3/envs/bdetr/lib/python3.7/site-packages/torch/include/torch/csrc/api/include/torch/serialize/tensor.h:3,
                 from pcdet/ops/pointnet2/pointnet2_stack/src/vector_pool.cpp:11:
/root/miniconda3/envs/bdetr/lib/python3.7/site-packages/torch/include/ATen/core/TensorBody.h:216:7: note: declared here
  216 |   T * data() const {
      |       ^~~~
pcdet/ops/pointnet2/pointnet2_stack/src/vector_pool.cpp:58:71: warning: ‘T* at::Tensor::data() const [with T = int]’ is deprecated: Tensor.data<T>() is deprecated. Please use Tensor.data_ptr<T>() instead. [-Wdeprecated-declarations]
   58 |     const int *new_xyz_batch_cnt = new_xyz_batch_cnt_tensor.data<int>();
      |                                                                       ^
In file included from /root/miniconda3/envs/bdetr/lib/python3.7/site-packages/torch/include/ATen/Tensor.h:3,
                 from /root/miniconda3/envs/bdetr/lib/python3.7/site-packages/torch/include/ATen/Context.h:4,
                 from /root/miniconda3/envs/bdetr/lib/python3.7/site-packages/torch/include/ATen/ATen.h:9,
                 from /root/miniconda3/envs/bdetr/lib/python3.7/site-packages/torch/include/torch/csrc/api/include/torch/types.h:3,
                 from /root/miniconda3/envs/bdetr/lib/python3.7/site-packages/torch/include/torch/csrc/api/include/torch/serialize/input-archive.h:6,
                 from /root/miniconda3/envs/bdetr/lib/python3.7/site-packages/torch/include/torch/csrc/api/include/torch/serialize/archive.h:3,
                 from /root/miniconda3/envs/bdetr/lib/python3.7/site-packages/torch/include/torch/csrc/api/include/torch/serialize/tensor.h:3,
                 from pcdet/ops/pointnet2/pointnet2_stack/src/vector_pool.cpp:11:
/root/miniconda3/envs/bdetr/lib/python3.7/site-packages/torch/include/ATen/core/TensorBody.h:216:7: note: declared here
  216 |   T * data() const {
      |       ^~~~
pcdet/ops/pointnet2/pointnet2_stack/src/vector_pool.cpp:59:69: warning: ‘T* at::Tensor::data() const [with T = int]’ is deprecated: Tensor.data<T>() is deprecated. Please use Tensor.data_ptr<T>() instead. [-Wdeprecated-declarations]
   59 |     int *stack_neighbor_idxs = stack_neighbor_idxs_tensor.data<int>();
      |                                                                     ^
In file included from /root/miniconda3/envs/bdetr/lib/python3.7/site-packages/torch/include/ATen/Tensor.h:3,
                 from /root/miniconda3/envs/bdetr/lib/python3.7/site-packages/torch/include/ATen/Context.h:4,
                 from /root/miniconda3/envs/bdetr/lib/python3.7/site-packages/torch/include/ATen/ATen.h:9,
                 from /root/miniconda3/envs/bdetr/lib/python3.7/site-packages/torch/include/torch/csrc/api/include/torch/types.h:3,
                 from /root/miniconda3/envs/bdetr/lib/python3.7/site-packages/torch/include/torch/csrc/api/include/torch/serialize/input-archive.h:6,
                 from /root/miniconda3/envs/bdetr/lib/python3.7/site-packages/torch/include/torch/csrc/api/include/torch/serialize/archive.h:3,
                 from /root/miniconda3/envs/bdetr/lib/python3.7/site-packages/torch/include/torch/csrc/api/include/torch/serialize/tensor.h:3,
                 from pcdet/ops/pointnet2/pointnet2_stack/src/vector_pool.cpp:11:
/root/miniconda3/envs/bdetr/lib/python3.7/site-packages/torch/include/ATen/core/TensorBody.h:216:7: note: declared here
  216 |   T * data() const {
      |       ^~~~
pcdet/ops/pointnet2/pointnet2_stack/src/vector_pool.cpp:60:49: warning: ‘T* at::Tensor::data() const [with T = int]’ is deprecated: Tensor.data<T>() is deprecated. Please use Tensor.data_ptr<T>() instead. [-Wdeprecated-declarations]
   60 |     int *start_len = start_len_tensor.data<int>();
      |                                                 ^
In file included from /root/miniconda3/envs/bdetr/lib/python3.7/site-packages/torch/include/ATen/Tensor.h:3,
                 from /root/miniconda3/envs/bdetr/lib/python3.7/site-packages/torch/include/ATen/Context.h:4,
                 from /root/miniconda3/envs/bdetr/lib/python3.7/site-packages/torch/include/ATen/ATen.h:9,
                 from /root/miniconda3/envs/bdetr/lib/python3.7/site-packages/torch/include/torch/csrc/api/include/torch/types.h:3,
                 from /root/miniconda3/envs/bdetr/lib/python3.7/site-packages/torch/include/torch/csrc/api/include/torch/serialize/input-archive.h:6,
                 from /root/miniconda3/envs/bdetr/lib/python3.7/site-packages/torch/include/torch/csrc/api/include/torch/serialize/archive.h:3,
                 from /root/miniconda3/envs/bdetr/lib/python3.7/site-packages/torch/include/torch/csrc/api/include/torch/serialize/tensor.h:3,
                 from pcdet/ops/pointnet2/pointnet2_stack/src/vector_pool.cpp:11:
/root/miniconda3/envs/bdetr/lib/python3.7/site-packages/torch/include/ATen/core/TensorBody.h:216:7: note: declared here
  216 |   T * data() const {
      |       ^~~~
pcdet/ops/pointnet2/pointnet2_stack/src/vector_pool.cpp:61:43: warning: ‘T* at::Tensor::data() const [with T = int]’ is deprecated: Tensor.data<T>() is deprecated. Please use Tensor.data_ptr<T>() instead. [-Wdeprecated-declarations]
   61 |     int *cumsum = cumsum_tensor.data<int>();
      |                                           ^
In file included from /root/miniconda3/envs/bdetr/lib/python3.7/site-packages/torch/include/ATen/Tensor.h:3,
                 from /root/miniconda3/envs/bdetr/lib/python3.7/site-packages/torch/include/ATen/Context.h:4,
                 from /root/miniconda3/envs/bdetr/lib/python3.7/site-packages/torch/include/ATen/ATen.h:9,
                 from /root/miniconda3/envs/bdetr/lib/python3.7/site-packages/torch/include/torch/csrc/api/include/torch/types.h:3,
                 from /root/miniconda3/envs/bdetr/lib/python3.7/site-packages/torch/include/torch/csrc/api/include/torch/serialize/input-archive.h:6,
                 from /root/miniconda3/envs/bdetr/lib/python3.7/site-packages/torch/include/torch/csrc/api/include/torch/serialize/archive.h:3,
                 from /root/miniconda3/envs/bdetr/lib/python3.7/site-packages/torch/include/torch/csrc/api/include/torch/serialize/tensor.h:3,
                 from pcdet/ops/pointnet2/pointnet2_stack/src/vector_pool.cpp:11:
/root/miniconda3/envs/bdetr/lib/python3.7/site-packages/torch/include/ATen/core/TensorBody.h:216:7: note: declared here
  216 |   T * data() const {
      |       ^~~~
pcdet/ops/pointnet2/pointnet2_stack/src/vector_pool.cpp: In function ‘int query_three_nn_by_stacked_local_idxs_wrapper_stack(at::Tensor, at::Tensor, at::Tensor, at::Tensor, at::Tensor, at::Tensor, at::Tensor, int, int)’:
pcdet/ops/pointnet2/pointnet2_stack/src/vector_pool.cpp:18:15: warning: ‘at::DeprecatedTypeProperties& at::Tensor::type() const’ is deprecated: Tensor.type() is deprecated. Instead use Tensor.options(), which in many cases (e.g. in a constructor) is a drop-in replacement. If you were using data from type(), that is now available from Tensor itself, so instead of tensor.type().scalar_type(), use tensor.scalar_type() instead and instead of tensor.type().backend() use tensor.device(). [-Wdeprecated-declarations]
   18 |   if (!x.type().is_cuda()) { \
      |               ^
pcdet/ops/pointnet2/pointnet2_stack/src/vector_pool.cpp:29:24: note: in expansion of macro ‘CHECK_CUDA’
   29 | #define CHECK_INPUT(x) CHECK_CUDA(x);CHECK_CONTIGUOUS(x)
      |                        ^~~~~~~~~~
pcdet/ops/pointnet2/pointnet2_stack/src/vector_pool.cpp:88:5: note: in expansion of macro ‘CHECK_INPUT’
   88 |     CHECK_INPUT(support_xyz_tensor);
      |     ^~~~~~~~~~~
In file included from /root/miniconda3/envs/bdetr/lib/python3.7/site-packages/torch/include/ATen/Tensor.h:3,
                 from /root/miniconda3/envs/bdetr/lib/python3.7/site-packages/torch/include/ATen/Context.h:4,
                 from /root/miniconda3/envs/bdetr/lib/python3.7/site-packages/torch/include/ATen/ATen.h:9,
                 from /root/miniconda3/envs/bdetr/lib/python3.7/site-packages/torch/include/torch/csrc/api/include/torch/types.h:3,
                 from /root/miniconda3/envs/bdetr/lib/python3.7/site-packages/torch/include/torch/csrc/api/include/torch/serialize/input-archive.h:6,
                 from /root/miniconda3/envs/bdetr/lib/python3.7/site-packages/torch/include/torch/csrc/api/include/torch/serialize/archive.h:3,
                 from /root/miniconda3/envs/bdetr/lib/python3.7/site-packages/torch/include/torch/csrc/api/include/torch/serialize/tensor.h:3,
                 from pcdet/ops/pointnet2/pointnet2_stack/src/vector_pool.cpp:11:
/root/miniconda3/envs/bdetr/lib/python3.7/site-packages/torch/include/ATen/core/TensorBody.h:194:30: note: declared here
  194 |   DeprecatedTypeProperties & type() const {
      |                              ^~~~
pcdet/ops/pointnet2/pointnet2_stack/src/vector_pool.cpp:18:15: warning: ‘at::DeprecatedTypeProperties& at::Tensor::type() const’ is deprecated: Tensor.type() is deprecated. Instead use Tensor.options(), which in many cases (e.g. in a constructor) is a drop-in replacement. If you were using data from type(), that is now available from Tensor itself, so instead of tensor.type().scalar_type(), use tensor.scalar_type() instead and instead of tensor.type().backend() use tensor.device(). [-Wdeprecated-declarations]
   18 |   if (!x.type().is_cuda()) { \
      |               ^
pcdet/ops/pointnet2/pointnet2_stack/src/vector_pool.cpp:29:24: note: in expansion of macro ‘CHECK_CUDA’
   29 | #define CHECK_INPUT(x) CHECK_CUDA(x);CHECK_CONTIGUOUS(x)
      |                        ^~~~~~~~~~
pcdet/ops/pointnet2/pointnet2_stack/src/vector_pool.cpp:89:5: note: in expansion of macro ‘CHECK_INPUT’
   89 |     CHECK_INPUT(new_xyz_tensor);
      |     ^~~~~~~~~~~
In file included from /root/miniconda3/envs/bdetr/lib/python3.7/site-packages/torch/include/ATen/Tensor.h:3,
                 from /root/miniconda3/envs/bdetr/lib/python3.7/site-packages/torch/include/ATen/Context.h:4,
                 from /root/miniconda3/envs/bdetr/lib/python3.7/site-packages/torch/include/ATen/ATen.h:9,
                 from /root/miniconda3/envs/bdetr/lib/python3.7/site-packages/torch/include/torch/csrc/api/include/torch/types.h:3,
                 from /root/miniconda3/envs/bdetr/lib/python3.7/site-packages/torch/include/torch/csrc/api/include/torch/serialize/input-archive.h:6,
                 from /root/miniconda3/envs/bdetr/lib/python3.7/site-packages/torch/include/torch/csrc/api/include/torch/serialize/archive.h:3,
                 from /root/miniconda3/envs/bdetr/lib/python3.7/site-packages/torch/include/torch/csrc/api/include/torch/serialize/tensor.h:3,
                 from pcdet/ops/pointnet2/pointnet2_stack/src/vector_pool.cpp:11:
/root/miniconda3/envs/bdetr/lib/python3.7/site-packages/torch/include/ATen/core/TensorBody.h:194:30: note: declared here
  194 |   DeprecatedTypeProperties & type() const {
      |                              ^~~~
pcdet/ops/pointnet2/pointnet2_stack/src/vector_pool.cpp:18:15: warning: ‘at::DeprecatedTypeProperties& at::Tensor::type() const’ is deprecated: Tensor.type() is deprecated. Instead use Tensor.options(), which in many cases (e.g. in a constructor) is a drop-in replacement. If you were using data from type(), that is now available from Tensor itself, so instead of tensor.type().scalar_type(), use tensor.scalar_type() instead and instead of tensor.type().backend() use tensor.device(). [-Wdeprecated-declarations]
   18 |   if (!x.type().is_cuda()) { \
      |               ^
pcdet/ops/pointnet2/pointnet2_stack/src/vector_pool.cpp:29:24: note: in expansion of macro ‘CHECK_CUDA’
   29 | #define CHECK_INPUT(x) CHECK_CUDA(x);CHECK_CONTIGUOUS(x)
      |                        ^~~~~~~~~~
pcdet/ops/pointnet2/pointnet2_stack/src/vector_pool.cpp:90:5: note: in expansion of macro ‘CHECK_INPUT’
   90 |     CHECK_INPUT(new_xyz_grid_centers_tensor);
      |     ^~~~~~~~~~~
In file included from /root/miniconda3/envs/bdetr/lib/python3.7/site-packages/torch/include/ATen/Tensor.h:3,
                 from /root/miniconda3/envs/bdetr/lib/python3.7/site-packages/torch/include/ATen/Context.h:4,
                 from /root/miniconda3/envs/bdetr/lib/python3.7/site-packages/torch/include/ATen/ATen.h:9,
                 from /root/miniconda3/envs/bdetr/lib/python3.7/site-packages/torch/include/torch/csrc/api/include/torch/types.h:3,
                 from /root/miniconda3/envs/bdetr/lib/python3.7/site-packages/torch/include/torch/csrc/api/include/torch/serialize/input-archive.h:6,
                 from /root/miniconda3/envs/bdetr/lib/python3.7/site-packages/torch/include/torch/csrc/api/include/torch/serialize/archive.h:3,
                 from /root/miniconda3/envs/bdetr/lib/python3.7/site-packages/torch/include/torch/csrc/api/include/torch/serialize/tensor.h:3,
                 from pcdet/ops/pointnet2/pointnet2_stack/src/vector_pool.cpp:11:
/root/miniconda3/envs/bdetr/lib/python3.7/site-packages/torch/include/ATen/core/TensorBody.h:194:30: note: declared here
  194 |   DeprecatedTypeProperties & type() const {
      |                              ^~~~
pcdet/ops/pointnet2/pointnet2_stack/src/vector_pool.cpp:18:15: warning: ‘at::DeprecatedTypeProperties& at::Tensor::type() const’ is deprecated: Tensor.type() is deprecated. Instead use Tensor.options(), which in many cases (e.g. in a constructor) is a drop-in replacement. If you were using data from type(), that is now available from Tensor itself, so instead of tensor.type().scalar_type(), use tensor.scalar_type() instead and instead of tensor.type().backend() use tensor.device(). [-Wdeprecated-declarations]
   18 |   if (!x.type().is_cuda()) { \
      |               ^
pcdet/ops/pointnet2/pointnet2_stack/src/vector_pool.cpp:29:24: note: in expansion of macro ‘CHECK_CUDA’
   29 | #define CHECK_INPUT(x) CHECK_CUDA(x);CHECK_CONTIGUOUS(x)
      |                        ^~~~~~~~~~
pcdet/ops/pointnet2/pointnet2_stack/src/vector_pool.cpp:91:5: note: in expansion of macro ‘CHECK_INPUT’
   91 |     CHECK_INPUT(new_xyz_grid_idxs_tensor);
      |     ^~~~~~~~~~~
In file included from /root/miniconda3/envs/bdetr/lib/python3.7/site-packages/torch/include/ATen/Tensor.h:3,
                 from /root/miniconda3/envs/bdetr/lib/python3.7/site-packages/torch/include/ATen/Context.h:4,
                 from /root/miniconda3/envs/bdetr/lib/python3.7/site-packages/torch/include/ATen/ATen.h:9,
                 from /root/miniconda3/envs/bdetr/lib/python3.7/site-packages/torch/include/torch/csrc/api/include/torch/types.h:3,
                 from /root/miniconda3/envs/bdetr/lib/python3.7/site-packages/torch/include/torch/csrc/api/include/torch/serialize/input-archive.h:6,
                 from /root/miniconda3/envs/bdetr/lib/python3.7/site-packages/torch/include/torch/csrc/api/include/torch/serialize/archive.h:3,
                 from /root/miniconda3/envs/bdetr/lib/python3.7/site-packages/torch/include/torch/csrc/api/include/torch/serialize/tensor.h:3,
                 from pcdet/ops/pointnet2/pointnet2_stack/src/vector_pool.cpp:11:
/root/miniconda3/envs/bdetr/lib/python3.7/site-packages/torch/include/ATen/core/TensorBody.h:194:30: note: declared here
  194 |   DeprecatedTypeProperties & type() const {
      |                              ^~~~
pcdet/ops/pointnet2/pointnet2_stack/src/vector_pool.cpp:18:15: warning: ‘at::DeprecatedTypeProperties& at::Tensor::type() const’ is deprecated: Tensor.type() is deprecated. Instead use Tensor.options(), which in many cases (e.g. in a constructor) is a drop-in replacement. If you were using data from type(), that is now available from Tensor itself, so instead of tensor.type().scalar_type(), use tensor.scalar_type() instead and instead of tensor.type().backend() use tensor.device(). [-Wdeprecated-declarations]
   18 |   if (!x.type().is_cuda()) { \
      |               ^
pcdet/ops/pointnet2/pointnet2_stack/src/vector_pool.cpp:29:24: note: in expansion of macro ‘CHECK_CUDA’
   29 | #define CHECK_INPUT(x) CHECK_CUDA(x);CHECK_CONTIGUOUS(x)
      |                        ^~~~~~~~~~
pcdet/ops/pointnet2/pointnet2_stack/src/vector_pool.cpp:92:5: note: in expansion of macro ‘CHECK_INPUT’
   92 |     CHECK_INPUT(new_xyz_grid_dist2_tensor);
      |     ^~~~~~~~~~~
In file included from /root/miniconda3/envs/bdetr/lib/python3.7/site-packages/torch/include/ATen/Tensor.h:3,
                 from /root/miniconda3/envs/bdetr/lib/python3.7/site-packages/torch/include/ATen/Context.h:4,
                 from /root/miniconda3/envs/bdetr/lib/python3.7/site-packages/torch/include/ATen/ATen.h:9,
                 from /root/miniconda3/envs/bdetr/lib/python3.7/site-packages/torch/include/torch/csrc/api/include/torch/types.h:3,
                 from /root/miniconda3/envs/bdetr/lib/python3.7/site-packages/torch/include/torch/csrc/api/include/torch/serialize/input-archive.h:6,
                 from /root/miniconda3/envs/bdetr/lib/python3.7/site-packages/torch/include/torch/csrc/api/include/torch/serialize/archive.h:3,
                 from /root/miniconda3/envs/bdetr/lib/python3.7/site-packages/torch/include/torch/csrc/api/include/torch/serialize/tensor.h:3,
                 from pcdet/ops/pointnet2/pointnet2_stack/src/vector_pool.cpp:11:
/root/miniconda3/envs/bdetr/lib/python3.7/site-packages/torch/include/ATen/core/TensorBody.h:194:30: note: declared here
  194 |   DeprecatedTypeProperties & type() const {
      |                              ^~~~
pcdet/ops/pointnet2/pointnet2_stack/src/vector_pool.cpp:18:15: warning: ‘at::DeprecatedTypeProperties& at::Tensor::type() const’ is deprecated: Tensor.type() is deprecated. Instead use Tensor.options(), which in many cases (e.g. in a constructor) is a drop-in replacement. If you were using data from type(), that is now available from Tensor itself, so instead of tensor.type().scalar_type(), use tensor.scalar_type() instead and instead of tensor.type().backend() use tensor.device(). [-Wdeprecated-declarations]
   18 |   if (!x.type().is_cuda()) { \
      |               ^
pcdet/ops/pointnet2/pointnet2_stack/src/vector_pool.cpp:29:24: note: in expansion of macro ‘CHECK_CUDA’
   29 | #define CHECK_INPUT(x) CHECK_CUDA(x);CHECK_CONTIGUOUS(x)
      |                        ^~~~~~~~~~
pcdet/ops/pointnet2/pointnet2_stack/src/vector_pool.cpp:93:5: note: in expansion of macro ‘CHECK_INPUT’
   93 |     CHECK_INPUT(stack_neighbor_idxs_tensor);
      |     ^~~~~~~~~~~
In file included from /root/miniconda3/envs/bdetr/lib/python3.7/site-packages/torch/include/ATen/Tensor.h:3,
                 from /root/miniconda3/envs/bdetr/lib/python3.7/site-packages/torch/include/ATen/Context.h:4,
                 from /root/miniconda3/envs/bdetr/lib/python3.7/site-packages/torch/include/ATen/ATen.h:9,
                 from /root/miniconda3/envs/bdetr/lib/python3.7/site-packages/torch/include/torch/csrc/api/include/torch/types.h:3,
                 from /root/miniconda3/envs/bdetr/lib/python3.7/site-packages/torch/include/torch/csrc/api/include/torch/serialize/input-archive.h:6,
                 from /root/miniconda3/envs/bdetr/lib/python3.7/site-packages/torch/include/torch/csrc/api/include/torch/serialize/archive.h:3,
                 from /root/miniconda3/envs/bdetr/lib/python3.7/site-packages/torch/include/torch/csrc/api/include/torch/serialize/tensor.h:3,
                 from pcdet/ops/pointnet2/pointnet2_stack/src/vector_pool.cpp:11:
/root/miniconda3/envs/bdetr/lib/python3.7/site-packages/torch/include/ATen/core/TensorBody.h:194:30: note: declared here
  194 |   DeprecatedTypeProperties & type() const {
      |                              ^~~~
pcdet/ops/pointnet2/pointnet2_stack/src/vector_pool.cpp:18:15: warning: ‘at::DeprecatedTypeProperties& at::Tensor::type() const’ is deprecated: Tensor.type() is deprecated. Instead use Tensor.options(), which in many cases (e.g. in a constructor) is a drop-in replacement. If you were using data from type(), that is now available from Tensor itself, so instead of tensor.type().scalar_type(), use tensor.scalar_type() instead and instead of tensor.type().backend() use tensor.device(). [-Wdeprecated-declarations]
   18 |   if (!x.type().is_cuda()) { \
      |               ^
pcdet/ops/pointnet2/pointnet2_stack/src/vector_pool.cpp:29:24: note: in expansion of macro ‘CHECK_CUDA’
   29 | #define CHECK_INPUT(x) CHECK_CUDA(x);CHECK_CONTIGUOUS(x)
      |                        ^~~~~~~~~~
pcdet/ops/pointnet2/pointnet2_stack/src/vector_pool.cpp:94:5: note: in expansion of macro ‘CHECK_INPUT’
   94 |     CHECK_INPUT(start_len_tensor);
      |     ^~~~~~~~~~~
In file included from /root/miniconda3/envs/bdetr/lib/python3.7/site-packages/torch/include/ATen/Tensor.h:3,
                 from /root/miniconda3/envs/bdetr/lib/python3.7/site-packages/torch/include/ATen/Context.h:4,
                 from /root/miniconda3/envs/bdetr/lib/python3.7/site-packages/torch/include/ATen/ATen.h:9,
                 from /root/miniconda3/envs/bdetr/lib/python3.7/site-packages/torch/include/torch/csrc/api/include/torch/types.h:3,
                 from /root/miniconda3/envs/bdetr/lib/python3.7/site-packages/torch/include/torch/csrc/api/include/torch/serialize/input-archive.h:6,
                 from /root/miniconda3/envs/bdetr/lib/python3.7/site-packages/torch/include/torch/csrc/api/include/torch/serialize/archive.h:3,
                 from /root/miniconda3/envs/bdetr/lib/python3.7/site-packages/torch/include/torch/csrc/api/include/torch/serialize/tensor.h:3,
                 from pcdet/ops/pointnet2/pointnet2_stack/src/vector_pool.cpp:11:
/root/miniconda3/envs/bdetr/lib/python3.7/site-packages/torch/include/ATen/core/TensorBody.h:194:30: note: declared here
  194 |   DeprecatedTypeProperties & type() const {
      |                              ^~~~
pcdet/ops/pointnet2/pointnet2_stack/src/vector_pool.cpp:96:63: warning: ‘T* at::Tensor::data() const [with T = float]’ is deprecated: Tensor.data<T>() is deprecated. Please use Tensor.data_ptr<T>() instead. [-Wdeprecated-declarations]
   96 |     const float *support_xyz = support_xyz_tensor.data<float>();
      |                                                               ^
In file included from /root/miniconda3/envs/bdetr/lib/python3.7/site-packages/torch/include/ATen/Tensor.h:3,
                 from /root/miniconda3/envs/bdetr/lib/python3.7/site-packages/torch/include/ATen/Context.h:4,
                 from /root/miniconda3/envs/bdetr/lib/python3.7/site-packages/torch/include/ATen/ATen.h:9,
                 from /root/miniconda3/envs/bdetr/lib/python3.7/site-packages/torch/include/torch/csrc/api/include/torch/types.h:3,
                 from /root/miniconda3/envs/bdetr/lib/python3.7/site-packages/torch/include/torch/csrc/api/include/torch/serialize/input-archive.h:6,
                 from /root/miniconda3/envs/bdetr/lib/python3.7/site-packages/torch/include/torch/csrc/api/include/torch/serialize/archive.h:3,
                 from /root/miniconda3/envs/bdetr/lib/python3.7/site-packages/torch/include/torch/csrc/api/include/torch/serialize/tensor.h:3,
                 from pcdet/ops/pointnet2/pointnet2_stack/src/vector_pool.cpp:11:
/root/miniconda3/envs/bdetr/lib/python3.7/site-packages/torch/include/ATen/core/TensorBody.h:216:7: note: declared here
  216 |   T * data() const {
      |       ^~~~
pcdet/ops/pointnet2/pointnet2_stack/src/vector_pool.cpp:97:55: warning: ‘T* at::Tensor::data() const [with T = float]’ is deprecated: Tensor.data<T>() is deprecated. Please use Tensor.data_ptr<T>() instead. [-Wdeprecated-declarations]
   97 |     const float *new_xyz = new_xyz_tensor.data<float>();
      |                                                       ^
In file included from /root/miniconda3/envs/bdetr/lib/python3.7/site-packages/torch/include/ATen/Tensor.h:3,
                 from /root/miniconda3/envs/bdetr/lib/python3.7/site-packages/torch/include/ATen/Context.h:4,
                 from /root/miniconda3/envs/bdetr/lib/python3.7/site-packages/torch/include/ATen/ATen.h:9,
                 from /root/miniconda3/envs/bdetr/lib/python3.7/site-packages/torch/include/torch/csrc/api/include/torch/types.h:3,
                 from /root/miniconda3/envs/bdetr/lib/python3.7/site-packages/torch/include/torch/csrc/api/include/torch/serialize/input-archive.h:6,
                 from /root/miniconda3/envs/bdetr/lib/python3.7/site-packages/torch/include/torch/csrc/api/include/torch/serialize/archive.h:3,
                 from /root/miniconda3/envs/bdetr/lib/python3.7/site-packages/torch/include/torch/csrc/api/include/torch/serialize/tensor.h:3,
                 from pcdet/ops/pointnet2/pointnet2_stack/src/vector_pool.cpp:11:
/root/miniconda3/envs/bdetr/lib/python3.7/site-packages/torch/include/ATen/core/TensorBody.h:216:7: note: declared here
  216 |   T * data() const {
      |       ^~~~
pcdet/ops/pointnet2/pointnet2_stack/src/vector_pool.cpp:98:81: warning: ‘T* at::Tensor::data() const [with T = float]’ is deprecated: Tensor.data<T>() is deprecated. Please use Tensor.data_ptr<T>() instead. [-Wdeprecated-declarations]
   98 |     const float *new_xyz_grid_centers = new_xyz_grid_centers_tensor.data<float>();
      |                                                                                 ^
In file included from /root/miniconda3/envs/bdetr/lib/python3.7/site-packages/torch/include/ATen/Tensor.h:3,
                 from /root/miniconda3/envs/bdetr/lib/python3.7/site-packages/torch/include/ATen/Context.h:4,
                 from /root/miniconda3/envs/bdetr/lib/python3.7/site-packages/torch/include/ATen/ATen.h:9,
                 from /root/miniconda3/envs/bdetr/lib/python3.7/site-packages/torch/include/torch/csrc/api/include/torch/types.h:3,
                 from /root/miniconda3/envs/bdetr/lib/python3.7/site-packages/torch/include/torch/csrc/api/include/torch/serialize/input-archive.h:6,
                 from /root/miniconda3/envs/bdetr/lib/python3.7/site-packages/torch/include/torch/csrc/api/include/torch/serialize/archive.h:3,
                 from /root/miniconda3/envs/bdetr/lib/python3.7/site-packages/torch/include/torch/csrc/api/include/torch/serialize/tensor.h:3,
                 from pcdet/ops/pointnet2/pointnet2_stack/src/vector_pool.cpp:11:
/root/miniconda3/envs/bdetr/lib/python3.7/site-packages/torch/include/ATen/core/TensorBody.h:216:7: note: declared here
  216 |   T * data() const {
      |       ^~~~
pcdet/ops/pointnet2/pointnet2_stack/src/vector_pool.cpp:99:65: warning: ‘T* at::Tensor::data() const [with T = int]’ is deprecated: Tensor.data<T>() is deprecated. Please use Tensor.data_ptr<T>() instead. [-Wdeprecated-declarations]
   99 |     int *new_xyz_grid_idxs = new_xyz_grid_idxs_tensor.data<int>();
      |                                                                 ^
In file included from /root/miniconda3/envs/bdetr/lib/python3.7/site-packages/torch/include/ATen/Tensor.h:3,
                 from /root/miniconda3/envs/bdetr/lib/python3.7/site-packages/torch/include/ATen/Context.h:4,
                 from /root/miniconda3/envs/bdetr/lib/python3.7/site-packages/torch/include/ATen/ATen.h:9,
                 from /root/miniconda3/envs/bdetr/lib/python3.7/site-packages/torch/include/torch/csrc/api/include/torch/types.h:3,
                 from /root/miniconda3/envs/bdetr/lib/python3.7/site-packages/torch/include/torch/csrc/api/include/torch/serialize/input-archive.h:6,
                 from /root/miniconda3/envs/bdetr/lib/python3.7/site-packages/torch/include/torch/csrc/api/include/torch/serialize/archive.h:3,
                 from /root/miniconda3/envs/bdetr/lib/python3.7/site-packages/torch/include/torch/csrc/api/include/torch/serialize/tensor.h:3,
                 from pcdet/ops/pointnet2/pointnet2_stack/src/vector_pool.cpp:11:
/root/miniconda3/envs/bdetr/lib/python3.7/site-packages/torch/include/ATen/core/TensorBody.h:216:7: note: declared here
  216 |   T * data() const {
      |       ^~~~
pcdet/ops/pointnet2/pointnet2_stack/src/vector_pool.cpp:100:71: warning: ‘T* at::Tensor::data() const [with T = float]’ is deprecated: Tensor.data<T>() is deprecated. Please use Tensor.data_ptr<T>() instead. [-Wdeprecated-declarations]
  100 |     float *new_xyz_grid_dist2 = new_xyz_grid_dist2_tensor.data<float>();
      |                                                                       ^
In file included from /root/miniconda3/envs/bdetr/lib/python3.7/site-packages/torch/include/ATen/Tensor.h:3,
                 from /root/miniconda3/envs/bdetr/lib/python3.7/site-packages/torch/include/ATen/Context.h:4,
                 from /root/miniconda3/envs/bdetr/lib/python3.7/site-packages/torch/include/ATen/ATen.h:9,
                 from /root/miniconda3/envs/bdetr/lib/python3.7/site-packages/torch/include/torch/csrc/api/include/torch/types.h:3,
                 from /root/miniconda3/envs/bdetr/lib/python3.7/site-packages/torch/include/torch/csrc/api/include/torch/serialize/input-archive.h:6,
                 from /root/miniconda3/envs/bdetr/lib/python3.7/site-packages/torch/include/torch/csrc/api/include/torch/serialize/archive.h:3,
                 from /root/miniconda3/envs/bdetr/lib/python3.7/site-packages/torch/include/torch/csrc/api/include/torch/serialize/tensor.h:3,
                 from pcdet/ops/pointnet2/pointnet2_stack/src/vector_pool.cpp:11:
/root/miniconda3/envs/bdetr/lib/python3.7/site-packages/torch/include/ATen/core/TensorBody.h:216:7: note: declared here
  216 |   T * data() const {
      |       ^~~~
pcdet/ops/pointnet2/pointnet2_stack/src/vector_pool.cpp:101:69: warning: ‘T* at::Tensor::data() const [with T = int]’ is deprecated: Tensor.data<T>() is deprecated. Please use Tensor.data_ptr<T>() instead. [-Wdeprecated-declarations]
  101 |     int *stack_neighbor_idxs = stack_neighbor_idxs_tensor.data<int>();
      |                                                                     ^
In file included from /root/miniconda3/envs/bdetr/lib/python3.7/site-packages/torch/include/ATen/Tensor.h:3,
                 from /root/miniconda3/envs/bdetr/lib/python3.7/site-packages/torch/include/ATen/Context.h:4,
                 from /root/miniconda3/envs/bdetr/lib/python3.7/site-packages/torch/include/ATen/ATen.h:9,
                 from /root/miniconda3/envs/bdetr/lib/python3.7/site-packages/torch/include/torch/csrc/api/include/torch/types.h:3,
                 from /root/miniconda3/envs/bdetr/lib/python3.7/site-packages/torch/include/torch/csrc/api/include/torch/serialize/input-archive.h:6,
                 from /root/miniconda3/envs/bdetr/lib/python3.7/site-packages/torch/include/torch/csrc/api/include/torch/serialize/archive.h:3,
                 from /root/miniconda3/envs/bdetr/lib/python3.7/site-packages/torch/include/torch/csrc/api/include/torch/serialize/tensor.h:3,
                 from pcdet/ops/pointnet2/pointnet2_stack/src/vector_pool.cpp:11:
/root/miniconda3/envs/bdetr/lib/python3.7/site-packages/torch/include/ATen/core/TensorBody.h:216:7: note: declared here
  216 |   T * data() const {
      |       ^~~~
pcdet/ops/pointnet2/pointnet2_stack/src/vector_pool.cpp:102:49: warning: ‘T* at::Tensor::data() const [with T = int]’ is deprecated: Tensor.data<T>() is deprecated. Please use Tensor.data_ptr<T>() instead. [-Wdeprecated-declarations]
  102 |     int *start_len = start_len_tensor.data<int>();
      |                                                 ^
In file included from /root/miniconda3/envs/bdetr/lib/python3.7/site-packages/torch/include/ATen/Tensor.h:3,
                 from /root/miniconda3/envs/bdetr/lib/python3.7/site-packages/torch/include/ATen/Context.h:4,
                 from /root/miniconda3/envs/bdetr/lib/python3.7/site-packages/torch/include/ATen/ATen.h:9,
                 from /root/miniconda3/envs/bdetr/lib/python3.7/site-packages/torch/include/torch/csrc/api/include/torch/types.h:3,
                 from /root/miniconda3/envs/bdetr/lib/python3.7/site-packages/torch/include/torch/csrc/api/include/torch/serialize/input-archive.h:6,
                 from /root/miniconda3/envs/bdetr/lib/python3.7/site-packages/torch/include/torch/csrc/api/include/torch/serialize/archive.h:3,
                 from /root/miniconda3/envs/bdetr/lib/python3.7/site-packages/torch/include/torch/csrc/api/include/torch/serialize/tensor.h:3,
                 from pcdet/ops/pointnet2/pointnet2_stack/src/vector_pool.cpp:11:
/root/miniconda3/envs/bdetr/lib/python3.7/site-packages/torch/include/ATen/core/TensorBody.h:216:7: note: declared here
  216 |   T * data() const {
      |       ^~~~
pcdet/ops/pointnet2/pointnet2_stack/src/vector_pool.cpp: In function ‘int vector_pool_wrapper_stack(at::Tensor, at::Tensor, at::Tensor, at::Tensor, at::Tensor, at::Tensor, at::Tensor, at::Tensor, at::Tensor, int, int, int, float, int, int, int, int, int)’:
pcdet/ops/pointnet2/pointnet2_stack/src/vector_pool.cpp:18:15: warning: ‘at::DeprecatedTypeProperties& at::Tensor::type() const’ is deprecated: Tensor.type() is deprecated. Instead use Tensor.options(), which in many cases (e.g. in a constructor) is a drop-in replacement. If you were using data from type(), that is now available from Tensor itself, so instead of tensor.type().scalar_type(), use tensor.scalar_type() instead and instead of tensor.type().backend() use tensor.device(). [-Wdeprecated-declarations]
   18 |   if (!x.type().is_cuda()) { \
      |               ^
pcdet/ops/pointnet2/pointnet2_stack/src/vector_pool.cpp:29:24: note: in expansion of macro ‘CHECK_CUDA’
   29 | #define CHECK_INPUT(x) CHECK_CUDA(x);CHECK_CONTIGUOUS(x)
      |                        ^~~~~~~~~~
pcdet/ops/pointnet2/pointnet2_stack/src/vector_pool.cpp:132:5: note: in expansion of macro ‘CHECK_INPUT’
  132 |     CHECK_INPUT(support_xyz_tensor);
      |     ^~~~~~~~~~~
In file included from /root/miniconda3/envs/bdetr/lib/python3.7/site-packages/torch/include/ATen/Tensor.h:3,
                 from /root/miniconda3/envs/bdetr/lib/python3.7/site-packages/torch/include/ATen/Context.h:4,
                 from /root/miniconda3/envs/bdetr/lib/python3.7/site-packages/torch/include/ATen/ATen.h:9,
                 from /root/miniconda3/envs/bdetr/lib/python3.7/site-packages/torch/include/torch/csrc/api/include/torch/types.h:3,
                 from /root/miniconda3/envs/bdetr/lib/python3.7/site-packages/torch/include/torch/csrc/api/include/torch/serialize/input-archive.h:6,
                 from /root/miniconda3/envs/bdetr/lib/python3.7/site-packages/torch/include/torch/csrc/api/include/torch/serialize/archive.h:3,
                 from /root/miniconda3/envs/bdetr/lib/python3.7/site-packages/torch/include/torch/csrc/api/include/torch/serialize/tensor.h:3,
                 from pcdet/ops/pointnet2/pointnet2_stack/src/vector_pool.cpp:11:
/root/miniconda3/envs/bdetr/lib/python3.7/site-packages/torch/include/ATen/core/TensorBody.h:194:30: note: declared here
  194 |   DeprecatedTypeProperties & type() const {
      |                              ^~~~
pcdet/ops/pointnet2/pointnet2_stack/src/vector_pool.cpp:18:15: warning: ‘at::DeprecatedTypeProperties& at::Tensor::type() const’ is deprecated: Tensor.type() is deprecated. Instead use Tensor.options(), which in many cases (e.g. in a constructor) is a drop-in replacement. If you were using data from type(), that is now available from Tensor itself, so instead of tensor.type().scalar_type(), use tensor.scalar_type() instead and instead of tensor.type().backend() use tensor.device(). [-Wdeprecated-declarations]
   18 |   if (!x.type().is_cuda()) { \
      |               ^
pcdet/ops/pointnet2/pointnet2_stack/src/vector_pool.cpp:29:24: note: in expansion of macro ‘CHECK_CUDA’
   29 | #define CHECK_INPUT(x) CHECK_CUDA(x);CHECK_CONTIGUOUS(x)
      |                        ^~~~~~~~~~
pcdet/ops/pointnet2/pointnet2_stack/src/vector_pool.cpp:133:5: note: in expansion of macro ‘CHECK_INPUT’
  133 |     CHECK_INPUT(support_features_tensor);
      |     ^~~~~~~~~~~
In file included from /root/miniconda3/envs/bdetr/lib/python3.7/site-packages/torch/include/ATen/Tensor.h:3,
                 from /root/miniconda3/envs/bdetr/lib/python3.7/site-packages/torch/include/ATen/Context.h:4,
                 from /root/miniconda3/envs/bdetr/lib/python3.7/site-packages/torch/include/ATen/ATen.h:9,
                 from /root/miniconda3/envs/bdetr/lib/python3.7/site-packages/torch/include/torch/csrc/api/include/torch/types.h:3,
                 from /root/miniconda3/envs/bdetr/lib/python3.7/site-packages/torch/include/torch/csrc/api/include/torch/serialize/input-archive.h:6,
                 from /root/miniconda3/envs/bdetr/lib/python3.7/site-packages/torch/include/torch/csrc/api/include/torch/serialize/archive.h:3,
                 from /root/miniconda3/envs/bdetr/lib/python3.7/site-packages/torch/include/torch/csrc/api/include/torch/serialize/tensor.h:3,
                 from pcdet/ops/pointnet2/pointnet2_stack/src/vector_pool.cpp:11:
/root/miniconda3/envs/bdetr/lib/python3.7/site-packages/torch/include/ATen/core/TensorBody.h:194:30: note: declared here
  194 |   DeprecatedTypeProperties & type() const {
      |                              ^~~~
pcdet/ops/pointnet2/pointnet2_stack/src/vector_pool.cpp:18:15: warning: ‘at::DeprecatedTypeProperties& at::Tensor::type() const’ is deprecated: Tensor.type() is deprecated. Instead use Tensor.options(), which in many cases (e.g. in a constructor) is a drop-in replacement. If you were using data from type(), that is now available from Tensor itself, so instead of tensor.type().scalar_type(), use tensor.scalar_type() instead and instead of tensor.type().backend() use tensor.device(). [-Wdeprecated-declarations]
   18 |   if (!x.type().is_cuda()) { \
      |               ^
pcdet/ops/pointnet2/pointnet2_stack/src/vector_pool.cpp:29:24: note: in expansion of macro ‘CHECK_CUDA’
   29 | #define CHECK_INPUT(x) CHECK_CUDA(x);CHECK_CONTIGUOUS(x)
      |                        ^~~~~~~~~~
pcdet/ops/pointnet2/pointnet2_stack/src/vector_pool.cpp:134:5: note: in expansion of macro ‘CHECK_INPUT’
  134 |     CHECK_INPUT(xyz_batch_cnt_tensor);
      |     ^~~~~~~~~~~
In file included from /root/miniconda3/envs/bdetr/lib/python3.7/site-packages/torch/include/ATen/Tensor.h:3,
                 from /root/miniconda3/envs/bdetr/lib/python3.7/site-packages/torch/include/ATen/Context.h:4,
                 from /root/miniconda3/envs/bdetr/lib/python3.7/site-packages/torch/include/ATen/ATen.h:9,
                 from /root/miniconda3/envs/bdetr/lib/python3.7/site-packages/torch/include/torch/csrc/api/include/torch/types.h:3,
                 from /root/miniconda3/envs/bdetr/lib/python3.7/site-packages/torch/include/torch/csrc/api/include/torch/serialize/input-archive.h:6,
                 from /root/miniconda3/envs/bdetr/lib/python3.7/site-packages/torch/include/torch/csrc/api/include/torch/serialize/archive.h:3,
                 from /root/miniconda3/envs/bdetr/lib/python3.7/site-packages/torch/include/torch/csrc/api/include/torch/serialize/tensor.h:3,
                 from pcdet/ops/pointnet2/pointnet2_stack/src/vector_pool.cpp:11:
/root/miniconda3/envs/bdetr/lib/python3.7/site-packages/torch/include/ATen/core/TensorBody.h:194:30: note: declared here
  194 |   DeprecatedTypeProperties & type() const {
      |                              ^~~~
pcdet/ops/pointnet2/pointnet2_stack/src/vector_pool.cpp:18:15: warning: ‘at::DeprecatedTypeProperties& at::Tensor::type() const’ is deprecated: Tensor.type() is deprecated. Instead use Tensor.options(), which in many cases (e.g. in a constructor) is a drop-in replacement. If you were using data from type(), that is now available from Tensor itself, so instead of tensor.type().scalar_type(), use tensor.scalar_type() instead and instead of tensor.type().backend() use tensor.device(). [-Wdeprecated-declarations]
   18 |   if (!x.type().is_cuda()) { \
      |               ^
pcdet/ops/pointnet2/pointnet2_stack/src/vector_pool.cpp:29:24: note: in expansion of macro ‘CHECK_CUDA’
   29 | #define CHECK_INPUT(x) CHECK_CUDA(x);CHECK_CONTIGUOUS(x)
      |                        ^~~~~~~~~~
pcdet/ops/pointnet2/pointnet2_stack/src/vector_pool.cpp:135:5: note: in expansion of macro ‘CHECK_INPUT’
  135 |     CHECK_INPUT(new_xyz_tensor);
      |     ^~~~~~~~~~~
In file included from /root/miniconda3/envs/bdetr/lib/python3.7/site-packages/torch/include/ATen/Tensor.h:3,
                 from /root/miniconda3/envs/bdetr/lib/python3.7/site-packages/torch/include/ATen/Context.h:4,
                 from /root/miniconda3/envs/bdetr/lib/python3.7/site-packages/torch/include/ATen/ATen.h:9,
                 from /root/miniconda3/envs/bdetr/lib/python3.7/site-packages/torch/include/torch/csrc/api/include/torch/types.h:3,
                 from /root/miniconda3/envs/bdetr/lib/python3.7/site-packages/torch/include/torch/csrc/api/include/torch/serialize/input-archive.h:6,
                 from /root/miniconda3/envs/bdetr/lib/python3.7/site-packages/torch/include/torch/csrc/api/include/torch/serialize/archive.h:3,
                 from /root/miniconda3/envs/bdetr/lib/python3.7/site-packages/torch/include/torch/csrc/api/include/torch/serialize/tensor.h:3,
                 from pcdet/ops/pointnet2/pointnet2_stack/src/vector_pool.cpp:11:
/root/miniconda3/envs/bdetr/lib/python3.7/site-packages/torch/include/ATen/core/TensorBody.h:194:30: note: declared here
  194 |   DeprecatedTypeProperties & type() const {
      |                              ^~~~
pcdet/ops/pointnet2/pointnet2_stack/src/vector_pool.cpp:18:15: warning: ‘at::DeprecatedTypeProperties& at::Tensor::type() const’ is deprecated: Tensor.type() is deprecated. Instead use Tensor.options(), which in many cases (e.g. in a constructor) is a drop-in replacement. If you were using data from type(), that is now available from Tensor itself, so instead of tensor.type().scalar_type(), use tensor.scalar_type() instead and instead of tensor.type().backend() use tensor.device(). [-Wdeprecated-declarations]
   18 |   if (!x.type().is_cuda()) { \
      |               ^
pcdet/ops/pointnet2/pointnet2_stack/src/vector_pool.cpp:29:24: note: in expansion of macro ‘CHECK_CUDA’
   29 | #define CHECK_INPUT(x) CHECK_CUDA(x);CHECK_CONTIGUOUS(x)
      |                        ^~~~~~~~~~
pcdet/ops/pointnet2/pointnet2_stack/src/vector_pool.cpp:136:5: note: in expansion of macro ‘CHECK_INPUT’
  136 |     CHECK_INPUT(new_xyz_batch_cnt_tensor);
      |     ^~~~~~~~~~~
In file included from /root/miniconda3/envs/bdetr/lib/python3.7/site-packages/torch/include/ATen/Tensor.h:3,
                 from /root/miniconda3/envs/bdetr/lib/python3.7/site-packages/torch/include/ATen/Context.h:4,
                 from /root/miniconda3/envs/bdetr/lib/python3.7/site-packages/torch/include/ATen/ATen.h:9,
                 from /root/miniconda3/envs/bdetr/lib/python3.7/site-packages/torch/include/torch/csrc/api/include/torch/types.h:3,
                 from /root/miniconda3/envs/bdetr/lib/python3.7/site-packages/torch/include/torch/csrc/api/include/torch/serialize/input-archive.h:6,
                 from /root/miniconda3/envs/bdetr/lib/python3.7/site-packages/torch/include/torch/csrc/api/include/torch/serialize/archive.h:3,
                 from /root/miniconda3/envs/bdetr/lib/python3.7/site-packages/torch/include/torch/csrc/api/include/torch/serialize/tensor.h:3,
                 from pcdet/ops/pointnet2/pointnet2_stack/src/vector_pool.cpp:11:
/root/miniconda3/envs/bdetr/lib/python3.7/site-packages/torch/include/ATen/core/TensorBody.h:194:30: note: declared here
  194 |   DeprecatedTypeProperties & type() const {
      |                              ^~~~
pcdet/ops/pointnet2/pointnet2_stack/src/vector_pool.cpp:18:15: warning: ‘at::DeprecatedTypeProperties& at::Tensor::type() const’ is deprecated: Tensor.type() is deprecated. Instead use Tensor.options(), which in many cases (e.g. in a constructor) is a drop-in replacement. If you were using data from type(), that is now available from Tensor itself, so instead of tensor.type().scalar_type(), use tensor.scalar_type() instead and instead of tensor.type().backend() use tensor.device(). [-Wdeprecated-declarations]
   18 |   if (!x.type().is_cuda()) { \
      |               ^
pcdet/ops/pointnet2/pointnet2_stack/src/vector_pool.cpp:29:24: note: in expansion of macro ‘CHECK_CUDA’
   29 | #define CHECK_INPUT(x) CHECK_CUDA(x);CHECK_CONTIGUOUS(x)
      |                        ^~~~~~~~~~
pcdet/ops/pointnet2/pointnet2_stack/src/vector_pool.cpp:137:5: note: in expansion of macro ‘CHECK_INPUT’
  137 |     CHECK_INPUT(new_features_tensor);
      |     ^~~~~~~~~~~
In file included from /root/miniconda3/envs/bdetr/lib/python3.7/site-packages/torch/include/ATen/Tensor.h:3,
                 from /root/miniconda3/envs/bdetr/lib/python3.7/site-packages/torch/include/ATen/Context.h:4,
                 from /root/miniconda3/envs/bdetr/lib/python3.7/site-packages/torch/include/ATen/ATen.h:9,
                 from /root/miniconda3/envs/bdetr/lib/python3.7/site-packages/torch/include/torch/csrc/api/include/torch/types.h:3,
                 from /root/miniconda3/envs/bdetr/lib/python3.7/site-packages/torch/include/torch/csrc/api/include/torch/serialize/input-archive.h:6,
                 from /root/miniconda3/envs/bdetr/lib/python3.7/site-packages/torch/include/torch/csrc/api/include/torch/serialize/archive.h:3,
                 from /root/miniconda3/envs/bdetr/lib/python3.7/site-packages/torch/include/torch/csrc/api/include/torch/serialize/tensor.h:3,
                 from pcdet/ops/pointnet2/pointnet2_stack/src/vector_pool.cpp:11:
/root/miniconda3/envs/bdetr/lib/python3.7/site-packages/torch/include/ATen/core/TensorBody.h:194:30: note: declared here
  194 |   DeprecatedTypeProperties & type() const {
      |                              ^~~~
pcdet/ops/pointnet2/pointnet2_stack/src/vector_pool.cpp:18:15: warning: ‘at::DeprecatedTypeProperties& at::Tensor::type() const’ is deprecated: Tensor.type() is deprecated. Instead use Tensor.options(), which in many cases (e.g. in a constructor) is a drop-in replacement. If you were using data from type(), that is now available from Tensor itself, so instead of tensor.type().scalar_type(), use tensor.scalar_type() instead and instead of tensor.type().backend() use tensor.device(). [-Wdeprecated-declarations]
   18 |   if (!x.type().is_cuda()) { \
      |               ^
pcdet/ops/pointnet2/pointnet2_stack/src/vector_pool.cpp:29:24: note: in expansion of macro ‘CHECK_CUDA’
   29 | #define CHECK_INPUT(x) CHECK_CUDA(x);CHECK_CONTIGUOUS(x)
      |                        ^~~~~~~~~~
pcdet/ops/pointnet2/pointnet2_stack/src/vector_pool.cpp:138:5: note: in expansion of macro ‘CHECK_INPUT’
  138 |     CHECK_INPUT(new_local_xyz_tensor);
      |     ^~~~~~~~~~~
In file included from /root/miniconda3/envs/bdetr/lib/python3.7/site-packages/torch/include/ATen/Tensor.h:3,
                 from /root/miniconda3/envs/bdetr/lib/python3.7/site-packages/torch/include/ATen/Context.h:4,
                 from /root/miniconda3/envs/bdetr/lib/python3.7/site-packages/torch/include/ATen/ATen.h:9,
                 from /root/miniconda3/envs/bdetr/lib/python3.7/site-packages/torch/include/torch/csrc/api/include/torch/types.h:3,
                 from /root/miniconda3/envs/bdetr/lib/python3.7/site-packages/torch/include/torch/csrc/api/include/torch/serialize/input-archive.h:6,
                 from /root/miniconda3/envs/bdetr/lib/python3.7/site-packages/torch/include/torch/csrc/api/include/torch/serialize/archive.h:3,
                 from /root/miniconda3/envs/bdetr/lib/python3.7/site-packages/torch/include/torch/csrc/api/include/torch/serialize/tensor.h:3,
                 from pcdet/ops/pointnet2/pointnet2_stack/src/vector_pool.cpp:11:
/root/miniconda3/envs/bdetr/lib/python3.7/site-packages/torch/include/ATen/core/TensorBody.h:194:30: note: declared here
  194 |   DeprecatedTypeProperties & type() const {
      |                              ^~~~
pcdet/ops/pointnet2/pointnet2_stack/src/vector_pool.cpp:18:15: warning: ‘at::DeprecatedTypeProperties& at::Tensor::type() const’ is deprecated: Tensor.type() is deprecated. Instead use Tensor.options(), which in many cases (e.g. in a constructor) is a drop-in replacement. If you were using data from type(), that is now available from Tensor itself, so instead of tensor.type().scalar_type(), use tensor.scalar_type() instead and instead of tensor.type().backend() use tensor.device(). [-Wdeprecated-declarations]
   18 |   if (!x.type().is_cuda()) { \
      |               ^
pcdet/ops/pointnet2/pointnet2_stack/src/vector_pool.cpp:29:24: note: in expansion of macro ‘CHECK_CUDA’
   29 | #define CHECK_INPUT(x) CHECK_CUDA(x);CHECK_CONTIGUOUS(x)
      |                        ^~~~~~~~~~
pcdet/ops/pointnet2/pointnet2_stack/src/vector_pool.cpp:139:5: note: in expansion of macro ‘CHECK_INPUT’
  139 |     CHECK_INPUT(point_cnt_of_grid_tensor);
      |     ^~~~~~~~~~~
In file included from /root/miniconda3/envs/bdetr/lib/python3.7/site-packages/torch/include/ATen/Tensor.h:3,
                 from /root/miniconda3/envs/bdetr/lib/python3.7/site-packages/torch/include/ATen/Context.h:4,
                 from /root/miniconda3/envs/bdetr/lib/python3.7/site-packages/torch/include/ATen/ATen.h:9,
                 from /root/miniconda3/envs/bdetr/lib/python3.7/site-packages/torch/include/torch/csrc/api/include/torch/types.h:3,
                 from /root/miniconda3/envs/bdetr/lib/python3.7/site-packages/torch/include/torch/csrc/api/include/torch/serialize/input-archive.h:6,
                 from /root/miniconda3/envs/bdetr/lib/python3.7/site-packages/torch/include/torch/csrc/api/include/torch/serialize/archive.h:3,
                 from /root/miniconda3/envs/bdetr/lib/python3.7/site-packages/torch/include/torch/csrc/api/include/torch/serialize/tensor.h:3,
                 from pcdet/ops/pointnet2/pointnet2_stack/src/vector_pool.cpp:11:
/root/miniconda3/envs/bdetr/lib/python3.7/site-packages/torch/include/ATen/core/TensorBody.h:194:30: note: declared here
  194 |   DeprecatedTypeProperties & type() const {
      |                              ^~~~
pcdet/ops/pointnet2/pointnet2_stack/src/vector_pool.cpp:18:15: warning: ‘at::DeprecatedTypeProperties& at::Tensor::type() const’ is deprecated: Tensor.type() is deprecated. Instead use Tensor.options(), which in many cases (e.g. in a constructor) is a drop-in replacement. If you were using data from type(), that is now available from Tensor itself, so instead of tensor.type().scalar_type(), use tensor.scalar_type() instead and instead of tensor.type().backend() use tensor.device(). [-Wdeprecated-declarations]
   18 |   if (!x.type().is_cuda()) { \
      |               ^
pcdet/ops/pointnet2/pointnet2_stack/src/vector_pool.cpp:29:24: note: in expansion of macro ‘CHECK_CUDA’
   29 | #define CHECK_INPUT(x) CHECK_CUDA(x);CHECK_CONTIGUOUS(x)
      |                        ^~~~~~~~~~
pcdet/ops/pointnet2/pointnet2_stack/src/vector_pool.cpp:140:5: note: in expansion of macro ‘CHECK_INPUT’
  140 |     CHECK_INPUT(grouped_idxs_tensor);
      |     ^~~~~~~~~~~
In file included from /root/miniconda3/envs/bdetr/lib/python3.7/site-packages/torch/include/ATen/Tensor.h:3,
                 from /root/miniconda3/envs/bdetr/lib/python3.7/site-packages/torch/include/ATen/Context.h:4,
                 from /root/miniconda3/envs/bdetr/lib/python3.7/site-packages/torch/include/ATen/ATen.h:9,
                 from /root/miniconda3/envs/bdetr/lib/python3.7/site-packages/torch/include/torch/csrc/api/include/torch/types.h:3,
                 from /root/miniconda3/envs/bdetr/lib/python3.7/site-packages/torch/include/torch/csrc/api/include/torch/serialize/input-archive.h:6,
                 from /root/miniconda3/envs/bdetr/lib/python3.7/site-packages/torch/include/torch/csrc/api/include/torch/serialize/archive.h:3,
                 from /root/miniconda3/envs/bdetr/lib/python3.7/site-packages/torch/include/torch/csrc/api/include/torch/serialize/tensor.h:3,
                 from pcdet/ops/pointnet2/pointnet2_stack/src/vector_pool.cpp:11:
/root/miniconda3/envs/bdetr/lib/python3.7/site-packages/torch/include/ATen/core/TensorBody.h:194:30: note: declared here
  194 |   DeprecatedTypeProperties & type() const {
      |                              ^~~~
pcdet/ops/pointnet2/pointnet2_stack/src/vector_pool.cpp:142:63: warning: ‘T* at::Tensor::data() const [with T = float]’ is deprecated: Tensor.data<T>() is deprecated. Please use Tensor.data_ptr<T>() instead. [-Wdeprecated-declarations]
  142 |     const float *support_xyz = support_xyz_tensor.data<float>();
      |                                                               ^
In file included from /root/miniconda3/envs/bdetr/lib/python3.7/site-packages/torch/include/ATen/Tensor.h:3,
                 from /root/miniconda3/envs/bdetr/lib/python3.7/site-packages/torch/include/ATen/Context.h:4,
                 from /root/miniconda3/envs/bdetr/lib/python3.7/site-packages/torch/include/ATen/ATen.h:9,
                 from /root/miniconda3/envs/bdetr/lib/python3.7/site-packages/torch/include/torch/csrc/api/include/torch/types.h:3,
                 from /root/miniconda3/envs/bdetr/lib/python3.7/site-packages/torch/include/torch/csrc/api/include/torch/serialize/input-archive.h:6,
                 from /root/miniconda3/envs/bdetr/lib/python3.7/site-packages/torch/include/torch/csrc/api/include/torch/serialize/archive.h:3,
                 from /root/miniconda3/envs/bdetr/lib/python3.7/site-packages/torch/include/torch/csrc/api/include/torch/serialize/tensor.h:3,
                 from pcdet/ops/pointnet2/pointnet2_stack/src/vector_pool.cpp:11:
/root/miniconda3/envs/bdetr/lib/python3.7/site-packages/torch/include/ATen/core/TensorBody.h:216:7: note: declared here
  216 |   T * data() const {
      |       ^~~~
pcdet/ops/pointnet2/pointnet2_stack/src/vector_pool.cpp:143:73: warning: ‘T* at::Tensor::data() const [with T = float]’ is deprecated: Tensor.data<T>() is deprecated. Please use Tensor.data_ptr<T>() instead. [-Wdeprecated-declarations]
  143 |     const float *support_features = support_features_tensor.data<float>();
      |                                                                         ^
In file included from /root/miniconda3/envs/bdetr/lib/python3.7/site-packages/torch/include/ATen/Tensor.h:3,
                 from /root/miniconda3/envs/bdetr/lib/python3.7/site-packages/torch/include/ATen/Context.h:4,
                 from /root/miniconda3/envs/bdetr/lib/python3.7/site-packages/torch/include/ATen/ATen.h:9,
                 from /root/miniconda3/envs/bdetr/lib/python3.7/site-packages/torch/include/torch/csrc/api/include/torch/types.h:3,
                 from /root/miniconda3/envs/bdetr/lib/python3.7/site-packages/torch/include/torch/csrc/api/include/torch/serialize/input-archive.h:6,
                 from /root/miniconda3/envs/bdetr/lib/python3.7/site-packages/torch/include/torch/csrc/api/include/torch/serialize/archive.h:3,
                 from /root/miniconda3/envs/bdetr/lib/python3.7/site-packages/torch/include/torch/csrc/api/include/torch/serialize/tensor.h:3,
                 from pcdet/ops/pointnet2/pointnet2_stack/src/vector_pool.cpp:11:
/root/miniconda3/envs/bdetr/lib/python3.7/site-packages/torch/include/ATen/core/TensorBody.h:216:7: note: declared here
  216 |   T * data() const {
      |       ^~~~
pcdet/ops/pointnet2/pointnet2_stack/src/vector_pool.cpp:144:63: warning: ‘T* at::Tensor::data() const [with T = int]’ is deprecated: Tensor.data<T>() is deprecated. Please use Tensor.data_ptr<T>() instead. [-Wdeprecated-declarations]
  144 |     const int *xyz_batch_cnt = xyz_batch_cnt_tensor.data<int>();
      |                                                               ^
In file included from /root/miniconda3/envs/bdetr/lib/python3.7/site-packages/torch/include/ATen/Tensor.h:3,
                 from /root/miniconda3/envs/bdetr/lib/python3.7/site-packages/torch/include/ATen/Context.h:4,
                 from /root/miniconda3/envs/bdetr/lib/python3.7/site-packages/torch/include/ATen/ATen.h:9,
                 from /root/miniconda3/envs/bdetr/lib/python3.7/site-packages/torch/include/torch/csrc/api/include/torch/types.h:3,
                 from /root/miniconda3/envs/bdetr/lib/python3.7/site-packages/torch/include/torch/csrc/api/include/torch/serialize/input-archive.h:6,
                 from /root/miniconda3/envs/bdetr/lib/python3.7/site-packages/torch/include/torch/csrc/api/include/torch/serialize/archive.h:3,
                 from /root/miniconda3/envs/bdetr/lib/python3.7/site-packages/torch/include/torch/csrc/api/include/torch/serialize/tensor.h:3,
                 from pcdet/ops/pointnet2/pointnet2_stack/src/vector_pool.cpp:11:
/root/miniconda3/envs/bdetr/lib/python3.7/site-packages/torch/include/ATen/core/TensorBody.h:216:7: note: declared here
  216 |   T * data() const {
      |       ^~~~
pcdet/ops/pointnet2/pointnet2_stack/src/vector_pool.cpp:145:55: warning: ‘T* at::Tensor::data() const [with T = float]’ is deprecated: Tensor.data<T>() is deprecated. Please use Tensor.data_ptr<T>() instead. [-Wdeprecated-declarations]
  145 |     const float *new_xyz = new_xyz_tensor.data<float>();
      |                                                       ^
In file included from /root/miniconda3/envs/bdetr/lib/python3.7/site-packages/torch/include/ATen/Tensor.h:3,
                 from /root/miniconda3/envs/bdetr/lib/python3.7/site-packages/torch/include/ATen/Context.h:4,
                 from /root/miniconda3/envs/bdetr/lib/python3.7/site-packages/torch/include/ATen/ATen.h:9,
                 from /root/miniconda3/envs/bdetr/lib/python3.7/site-packages/torch/include/torch/csrc/api/include/torch/types.h:3,
                 from /root/miniconda3/envs/bdetr/lib/python3.7/site-packages/torch/include/torch/csrc/api/include/torch/serialize/input-archive.h:6,
                 from /root/miniconda3/envs/bdetr/lib/python3.7/site-packages/torch/include/torch/csrc/api/include/torch/serialize/archive.h:3,
                 from /root/miniconda3/envs/bdetr/lib/python3.7/site-packages/torch/include/torch/csrc/api/include/torch/serialize/tensor.h:3,
                 from pcdet/ops/pointnet2/pointnet2_stack/src/vector_pool.cpp:11:
/root/miniconda3/envs/bdetr/lib/python3.7/site-packages/torch/include/ATen/core/TensorBody.h:216:7: note: declared here
  216 |   T * data() const {
      |       ^~~~
pcdet/ops/pointnet2/pointnet2_stack/src/vector_pool.cpp:146:71: warning: ‘T* at::Tensor::data() const [with T = int]’ is deprecated: Tensor.data<T>() is deprecated. Please use Tensor.data_ptr<T>() instead. [-Wdeprecated-declarations]
  146 |     const int *new_xyz_batch_cnt = new_xyz_batch_cnt_tensor.data<int>();
      |                                                                       ^
In file included from /root/miniconda3/envs/bdetr/lib/python3.7/site-packages/torch/include/ATen/Tensor.h:3,
                 from /root/miniconda3/envs/bdetr/lib/python3.7/site-packages/torch/include/ATen/Context.h:4,
                 from /root/miniconda3/envs/bdetr/lib/python3.7/site-packages/torch/include/ATen/ATen.h:9,
                 from /root/miniconda3/envs/bdetr/lib/python3.7/site-packages/torch/include/torch/csrc/api/include/torch/types.h:3,
                 from /root/miniconda3/envs/bdetr/lib/python3.7/site-packages/torch/include/torch/csrc/api/include/torch/serialize/input-archive.h:6,
                 from /root/miniconda3/envs/bdetr/lib/python3.7/site-packages/torch/include/torch/csrc/api/include/torch/serialize/archive.h:3,
                 from /root/miniconda3/envs/bdetr/lib/python3.7/site-packages/torch/include/torch/csrc/api/include/torch/serialize/tensor.h:3,
                 from pcdet/ops/pointnet2/pointnet2_stack/src/vector_pool.cpp:11:
/root/miniconda3/envs/bdetr/lib/python3.7/site-packages/torch/include/ATen/core/TensorBody.h:216:7: note: declared here
  216 |   T * data() const {
      |       ^~~~
pcdet/ops/pointnet2/pointnet2_stack/src/vector_pool.cpp:147:59: warning: ‘T* at::Tensor::data() const [with T = float]’ is deprecated: Tensor.data<T>() is deprecated. Please use Tensor.data_ptr<T>() instead. [-Wdeprecated-declarations]
  147 |     float *new_features = new_features_tensor.data<float>();
      |                                                           ^
In file included from /root/miniconda3/envs/bdetr/lib/python3.7/site-packages/torch/include/ATen/Tensor.h:3,
                 from /root/miniconda3/envs/bdetr/lib/python3.7/site-packages/torch/include/ATen/Context.h:4,
                 from /root/miniconda3/envs/bdetr/lib/python3.7/site-packages/torch/include/ATen/ATen.h:9,
                 from /root/miniconda3/envs/bdetr/lib/python3.7/site-packages/torch/include/torch/csrc/api/include/torch/types.h:3,
                 from /root/miniconda3/envs/bdetr/lib/python3.7/site-packages/torch/include/torch/csrc/api/include/torch/serialize/input-archive.h:6,
                 from /root/miniconda3/envs/bdetr/lib/python3.7/site-packages/torch/include/torch/csrc/api/include/torch/serialize/archive.h:3,
                 from /root/miniconda3/envs/bdetr/lib/python3.7/site-packages/torch/include/torch/csrc/api/include/torch/serialize/tensor.h:3,
                 from pcdet/ops/pointnet2/pointnet2_stack/src/vector_pool.cpp:11:
/root/miniconda3/envs/bdetr/lib/python3.7/site-packages/torch/include/ATen/core/TensorBody.h:216:7: note: declared here
  216 |   T * data() const {
      |       ^~~~
pcdet/ops/pointnet2/pointnet2_stack/src/vector_pool.cpp:148:61: warning: ‘T* at::Tensor::data() const [with T = float]’ is deprecated: Tensor.data<T>() is deprecated. Please use Tensor.data_ptr<T>() instead. [-Wdeprecated-declarations]
  148 |     float *new_local_xyz = new_local_xyz_tensor.data<float>();
      |                                                             ^
In file included from /root/miniconda3/envs/bdetr/lib/python3.7/site-packages/torch/include/ATen/Tensor.h:3,
                 from /root/miniconda3/envs/bdetr/lib/python3.7/site-packages/torch/include/ATen/Context.h:4,
                 from /root/miniconda3/envs/bdetr/lib/python3.7/site-packages/torch/include/ATen/ATen.h:9,
                 from /root/miniconda3/envs/bdetr/lib/python3.7/site-packages/torch/include/torch/csrc/api/include/torch/types.h:3,
                 from /root/miniconda3/envs/bdetr/lib/python3.7/site-packages/torch/include/torch/csrc/api/include/torch/serialize/input-archive.h:6,
                 from /root/miniconda3/envs/bdetr/lib/python3.7/site-packages/torch/include/torch/csrc/api/include/torch/serialize/archive.h:3,
                 from /root/miniconda3/envs/bdetr/lib/python3.7/site-packages/torch/include/torch/csrc/api/include/torch/serialize/tensor.h:3,
                 from pcdet/ops/pointnet2/pointnet2_stack/src/vector_pool.cpp:11:
/root/miniconda3/envs/bdetr/lib/python3.7/site-packages/torch/include/ATen/core/TensorBody.h:216:7: note: declared here
  216 |   T * data() const {
      |       ^~~~
pcdet/ops/pointnet2/pointnet2_stack/src/vector_pool.cpp:149:65: warning: ‘T* at::Tensor::data() const [with T = int]’ is deprecated: Tensor.data<T>() is deprecated. Please use Tensor.data_ptr<T>() instead. [-Wdeprecated-declarations]
  149 |     int *point_cnt_of_grid = point_cnt_of_grid_tensor.data<int>();
      |                                                                 ^
In file included from /root/miniconda3/envs/bdetr/lib/python3.7/site-packages/torch/include/ATen/Tensor.h:3,
                 from /root/miniconda3/envs/bdetr/lib/python3.7/site-packages/torch/include/ATen/Context.h:4,
                 from /root/miniconda3/envs/bdetr/lib/python3.7/site-packages/torch/include/ATen/ATen.h:9,
                 from /root/miniconda3/envs/bdetr/lib/python3.7/site-packages/torch/include/torch/csrc/api/include/torch/types.h:3,
                 from /root/miniconda3/envs/bdetr/lib/python3.7/site-packages/torch/include/torch/csrc/api/include/torch/serialize/input-archive.h:6,
                 from /root/miniconda3/envs/bdetr/lib/python3.7/site-packages/torch/include/torch/csrc/api/include/torch/serialize/archive.h:3,
                 from /root/miniconda3/envs/bdetr/lib/python3.7/site-packages/torch/include/torch/csrc/api/include/torch/serialize/tensor.h:3,
                 from pcdet/ops/pointnet2/pointnet2_stack/src/vector_pool.cpp:11:
/root/miniconda3/envs/bdetr/lib/python3.7/site-packages/torch/include/ATen/core/TensorBody.h:216:7: note: declared here
  216 |   T * data() const {
      |       ^~~~
pcdet/ops/pointnet2/pointnet2_stack/src/vector_pool.cpp:150:55: warning: ‘T* at::Tensor::data() const [with T = int]’ is deprecated: Tensor.data<T>() is deprecated. Please use Tensor.data_ptr<T>() instead. [-Wdeprecated-declarations]
  150 |     int *grouped_idxs = grouped_idxs_tensor.data<int>();
      |                                                       ^
In file included from /root/miniconda3/envs/bdetr/lib/python3.7/site-packages/torch/include/ATen/Tensor.h:3,
                 from /root/miniconda3/envs/bdetr/lib/python3.7/site-packages/torch/include/ATen/Context.h:4,
                 from /root/miniconda3/envs/bdetr/lib/python3.7/site-packages/torch/include/ATen/ATen.h:9,
                 from /root/miniconda3/envs/bdetr/lib/python3.7/site-packages/torch/include/torch/csrc/api/include/torch/types.h:3,
                 from /root/miniconda3/envs/bdetr/lib/python3.7/site-packages/torch/include/torch/csrc/api/include/torch/serialize/input-archive.h:6,
                 from /root/miniconda3/envs/bdetr/lib/python3.7/site-packages/torch/include/torch/csrc/api/include/torch/serialize/archive.h:3,
                 from /root/miniconda3/envs/bdetr/lib/python3.7/site-packages/torch/include/torch/csrc/api/include/torch/serialize/tensor.h:3,
                 from pcdet/ops/pointnet2/pointnet2_stack/src/vector_pool.cpp:11:
/root/miniconda3/envs/bdetr/lib/python3.7/site-packages/torch/include/ATen/core/TensorBody.h:216:7: note: declared here
  216 |   T * data() const {
      |       ^~~~
pcdet/ops/pointnet2/pointnet2_stack/src/vector_pool.cpp: In function ‘int vector_pool_grad_wrapper_stack(at::Tensor, at::Tensor, at::Tensor, at::Tensor)’:
pcdet/ops/pointnet2/pointnet2_stack/src/vector_pool.cpp:18:15: warning: ‘at::DeprecatedTypeProperties& at::Tensor::type() const’ is deprecated: Tensor.type() is deprecated. Instead use Tensor.options(), which in many cases (e.g. in a constructor) is a drop-in replacement. If you were using data from type(), that is now available from Tensor itself, so instead of tensor.type().scalar_type(), use tensor.scalar_type() instead and instead of tensor.type().backend() use tensor.device(). [-Wdeprecated-declarations]
   18 |   if (!x.type().is_cuda()) { \
      |               ^
pcdet/ops/pointnet2/pointnet2_stack/src/vector_pool.cpp:29:24: note: in expansion of macro ‘CHECK_CUDA’
   29 | #define CHECK_INPUT(x) CHECK_CUDA(x);CHECK_CONTIGUOUS(x)
      |                        ^~~~~~~~~~
pcdet/ops/pointnet2/pointnet2_stack/src/vector_pool.cpp:178:5: note: in expansion of macro ‘CHECK_INPUT’
  178 |     CHECK_INPUT(grad_new_features_tensor);
      |     ^~~~~~~~~~~
In file included from /root/miniconda3/envs/bdetr/lib/python3.7/site-packages/torch/include/ATen/Tensor.h:3,
                 from /root/miniconda3/envs/bdetr/lib/python3.7/site-packages/torch/include/ATen/Context.h:4,
                 from /root/miniconda3/envs/bdetr/lib/python3.7/site-packages/torch/include/ATen/ATen.h:9,
                 from /root/miniconda3/envs/bdetr/lib/python3.7/site-packages/torch/include/torch/csrc/api/include/torch/types.h:3,
                 from /root/miniconda3/envs/bdetr/lib/python3.7/site-packages/torch/include/torch/csrc/api/include/torch/serialize/input-archive.h:6,
                 from /root/miniconda3/envs/bdetr/lib/python3.7/site-packages/torch/include/torch/csrc/api/include/torch/serialize/archive.h:3,
                 from /root/miniconda3/envs/bdetr/lib/python3.7/site-packages/torch/include/torch/csrc/api/include/torch/serialize/tensor.h:3,
                 from pcdet/ops/pointnet2/pointnet2_stack/src/vector_pool.cpp:11:
/root/miniconda3/envs/bdetr/lib/python3.7/site-packages/torch/include/ATen/core/TensorBody.h:194:30: note: declared here
  194 |   DeprecatedTypeProperties & type() const {
      |                              ^~~~
pcdet/ops/pointnet2/pointnet2_stack/src/vector_pool.cpp:18:15: warning: ‘at::DeprecatedTypeProperties& at::Tensor::type() const’ is deprecated: Tensor.type() is deprecated. Instead use Tensor.options(), which in many cases (e.g. in a constructor) is a drop-in replacement. If you were using data from type(), that is now available from Tensor itself, so instead of tensor.type().scalar_type(), use tensor.scalar_type() instead and instead of tensor.type().backend() use tensor.device(). [-Wdeprecated-declarations]
   18 |   if (!x.type().is_cuda()) { \
      |               ^
pcdet/ops/pointnet2/pointnet2_stack/src/vector_pool.cpp:29:24: note: in expansion of macro ‘CHECK_CUDA’
   29 | #define CHECK_INPUT(x) CHECK_CUDA(x);CHECK_CONTIGUOUS(x)
      |                        ^~~~~~~~~~
pcdet/ops/pointnet2/pointnet2_stack/src/vector_pool.cpp:179:5: note: in expansion of macro ‘CHECK_INPUT’
  179 |     CHECK_INPUT(point_cnt_of_grid_tensor);
      |     ^~~~~~~~~~~
In file included from /root/miniconda3/envs/bdetr/lib/python3.7/site-packages/torch/include/ATen/Tensor.h:3,
                 from /root/miniconda3/envs/bdetr/lib/python3.7/site-packages/torch/include/ATen/Context.h:4,
                 from /root/miniconda3/envs/bdetr/lib/python3.7/site-packages/torch/include/ATen/ATen.h:9,
                 from /root/miniconda3/envs/bdetr/lib/python3.7/site-packages/torch/include/torch/csrc/api/include/torch/types.h:3,
                 from /root/miniconda3/envs/bdetr/lib/python3.7/site-packages/torch/include/torch/csrc/api/include/torch/serialize/input-archive.h:6,
                 from /root/miniconda3/envs/bdetr/lib/python3.7/site-packages/torch/include/torch/csrc/api/include/torch/serialize/archive.h:3,
                 from /root/miniconda3/envs/bdetr/lib/python3.7/site-packages/torch/include/torch/csrc/api/include/torch/serialize/tensor.h:3,
                 from pcdet/ops/pointnet2/pointnet2_stack/src/vector_pool.cpp:11:
/root/miniconda3/envs/bdetr/lib/python3.7/site-packages/torch/include/ATen/core/TensorBody.h:194:30: note: declared here
  194 |   DeprecatedTypeProperties & type() const {
      |                              ^~~~
pcdet/ops/pointnet2/pointnet2_stack/src/vector_pool.cpp:18:15: warning: ‘at::DeprecatedTypeProperties& at::Tensor::type() const’ is deprecated: Tensor.type() is deprecated. Instead use Tensor.options(), which in many cases (e.g. in a constructor) is a drop-in replacement. If you were using data from type(), that is now available from Tensor itself, so instead of tensor.type().scalar_type(), use tensor.scalar_type() instead and instead of tensor.type().backend() use tensor.device(). [-Wdeprecated-declarations]
   18 |   if (!x.type().is_cuda()) { \
      |               ^
pcdet/ops/pointnet2/pointnet2_stack/src/vector_pool.cpp:29:24: note: in expansion of macro ‘CHECK_CUDA’
   29 | #define CHECK_INPUT(x) CHECK_CUDA(x);CHECK_CONTIGUOUS(x)
      |                        ^~~~~~~~~~
pcdet/ops/pointnet2/pointnet2_stack/src/vector_pool.cpp:180:5: note: in expansion of macro ‘CHECK_INPUT’
  180 |     CHECK_INPUT(grouped_idxs_tensor);
      |     ^~~~~~~~~~~
In file included from /root/miniconda3/envs/bdetr/lib/python3.7/site-packages/torch/include/ATen/Tensor.h:3,
                 from /root/miniconda3/envs/bdetr/lib/python3.7/site-packages/torch/include/ATen/Context.h:4,
                 from /root/miniconda3/envs/bdetr/lib/python3.7/site-packages/torch/include/ATen/ATen.h:9,
                 from /root/miniconda3/envs/bdetr/lib/python3.7/site-packages/torch/include/torch/csrc/api/include/torch/types.h:3,
                 from /root/miniconda3/envs/bdetr/lib/python3.7/site-packages/torch/include/torch/csrc/api/include/torch/serialize/input-archive.h:6,
                 from /root/miniconda3/envs/bdetr/lib/python3.7/site-packages/torch/include/torch/csrc/api/include/torch/serialize/archive.h:3,
                 from /root/miniconda3/envs/bdetr/lib/python3.7/site-packages/torch/include/torch/csrc/api/include/torch/serialize/tensor.h:3,
                 from pcdet/ops/pointnet2/pointnet2_stack/src/vector_pool.cpp:11:
/root/miniconda3/envs/bdetr/lib/python3.7/site-packages/torch/include/ATen/core/TensorBody.h:194:30: note: declared here
  194 |   DeprecatedTypeProperties & type() const {
      |                              ^~~~
pcdet/ops/pointnet2/pointnet2_stack/src/vector_pool.cpp:18:15: warning: ‘at::DeprecatedTypeProperties& at::Tensor::type() const’ is deprecated: Tensor.type() is deprecated. Instead use Tensor.options(), which in many cases (e.g. in a constructor) is a drop-in replacement. If you were using data from type(), that is now available from Tensor itself, so instead of tensor.type().scalar_type(), use tensor.scalar_type() instead and instead of tensor.type().backend() use tensor.device(). [-Wdeprecated-declarations]
   18 |   if (!x.type().is_cuda()) { \
      |               ^
pcdet/ops/pointnet2/pointnet2_stack/src/vector_pool.cpp:29:24: note: in expansion of macro ‘CHECK_CUDA’
   29 | #define CHECK_INPUT(x) CHECK_CUDA(x);CHECK_CONTIGUOUS(x)
      |                        ^~~~~~~~~~
pcdet/ops/pointnet2/pointnet2_stack/src/vector_pool.cpp:181:5: note: in expansion of macro ‘CHECK_INPUT’
  181 |     CHECK_INPUT(grad_support_features_tensor);
      |     ^~~~~~~~~~~
In file included from /root/miniconda3/envs/bdetr/lib/python3.7/site-packages/torch/include/ATen/Tensor.h:3,
                 from /root/miniconda3/envs/bdetr/lib/python3.7/site-packages/torch/include/ATen/Context.h:4,
                 from /root/miniconda3/envs/bdetr/lib/python3.7/site-packages/torch/include/ATen/ATen.h:9,
                 from /root/miniconda3/envs/bdetr/lib/python3.7/site-packages/torch/include/torch/csrc/api/include/torch/types.h:3,
                 from /root/miniconda3/envs/bdetr/lib/python3.7/site-packages/torch/include/torch/csrc/api/include/torch/serialize/input-archive.h:6,
                 from /root/miniconda3/envs/bdetr/lib/python3.7/site-packages/torch/include/torch/csrc/api/include/torch/serialize/archive.h:3,
                 from /root/miniconda3/envs/bdetr/lib/python3.7/site-packages/torch/include/torch/csrc/api/include/torch/serialize/tensor.h:3,
                 from pcdet/ops/pointnet2/pointnet2_stack/src/vector_pool.cpp:11:
/root/miniconda3/envs/bdetr/lib/python3.7/site-packages/torch/include/ATen/core/TensorBody.h:194:30: note: declared here
  194 |   DeprecatedTypeProperties & type() const {
      |                              ^~~~
pcdet/ops/pointnet2/pointnet2_stack/src/vector_pool.cpp:190:75: warning: ‘T* at::Tensor::data() const [with T = float]’ is deprecated: Tensor.data<T>() is deprecated. Please use Tensor.data_ptr<T>() instead. [-Wdeprecated-declarations]
  190 |     const float *grad_new_features = grad_new_features_tensor.data<float>();
      |                                                                           ^
In file included from /root/miniconda3/envs/bdetr/lib/python3.7/site-packages/torch/include/ATen/Tensor.h:3,
                 from /root/miniconda3/envs/bdetr/lib/python3.7/site-packages/torch/include/ATen/Context.h:4,
                 from /root/miniconda3/envs/bdetr/lib/python3.7/site-packages/torch/include/ATen/ATen.h:9,
                 from /root/miniconda3/envs/bdetr/lib/python3.7/site-packages/torch/include/torch/csrc/api/include/torch/types.h:3,
                 from /root/miniconda3/envs/bdetr/lib/python3.7/site-packages/torch/include/torch/csrc/api/include/torch/serialize/input-archive.h:6,
                 from /root/miniconda3/envs/bdetr/lib/python3.7/site-packages/torch/include/torch/csrc/api/include/torch/serialize/archive.h:3,
                 from /root/miniconda3/envs/bdetr/lib/python3.7/site-packages/torch/include/torch/csrc/api/include/torch/serialize/tensor.h:3,
                 from pcdet/ops/pointnet2/pointnet2_stack/src/vector_pool.cpp:11:
/root/miniconda3/envs/bdetr/lib/python3.7/site-packages/torch/include/ATen/core/TensorBody.h:216:7: note: declared here
  216 |   T * data() const {
      |       ^~~~
pcdet/ops/pointnet2/pointnet2_stack/src/vector_pool.cpp:191:71: warning: ‘T* at::Tensor::data() const [with T = int]’ is deprecated: Tensor.data<T>() is deprecated. Please use Tensor.data_ptr<T>() instead. [-Wdeprecated-declarations]
  191 |     const int *point_cnt_of_grid = point_cnt_of_grid_tensor.data<int>();
      |                                                                       ^
In file included from /root/miniconda3/envs/bdetr/lib/python3.7/site-packages/torch/include/ATen/Tensor.h:3,
                 from /root/miniconda3/envs/bdetr/lib/python3.7/site-packages/torch/include/ATen/Context.h:4,
                 from /root/miniconda3/envs/bdetr/lib/python3.7/site-packages/torch/include/ATen/ATen.h:9,
                 from /root/miniconda3/envs/bdetr/lib/python3.7/site-packages/torch/include/torch/csrc/api/include/torch/types.h:3,
                 from /root/miniconda3/envs/bdetr/lib/python3.7/site-packages/torch/include/torch/csrc/api/include/torch/serialize/input-archive.h:6,
                 from /root/miniconda3/envs/bdetr/lib/python3.7/site-packages/torch/include/torch/csrc/api/include/torch/serialize/archive.h:3,
                 from /root/miniconda3/envs/bdetr/lib/python3.7/site-packages/torch/include/torch/csrc/api/include/torch/serialize/tensor.h:3,
                 from pcdet/ops/pointnet2/pointnet2_stack/src/vector_pool.cpp:11:
/root/miniconda3/envs/bdetr/lib/python3.7/site-packages/torch/include/ATen/core/TensorBody.h:216:7: note: declared here
  216 |   T * data() const {
      |       ^~~~
pcdet/ops/pointnet2/pointnet2_stack/src/vector_pool.cpp:192:61: warning: ‘T* at::Tensor::data() const [with T = int]’ is deprecated: Tensor.data<T>() is deprecated. Please use Tensor.data_ptr<T>() instead. [-Wdeprecated-declarations]
  192 |     const int *grouped_idxs = grouped_idxs_tensor.data<int>();
      |                                                             ^
In file included from /root/miniconda3/envs/bdetr/lib/python3.7/site-packages/torch/include/ATen/Tensor.h:3,
                 from /root/miniconda3/envs/bdetr/lib/python3.7/site-packages/torch/include/ATen/Context.h:4,
                 from /root/miniconda3/envs/bdetr/lib/python3.7/site-packages/torch/include/ATen/ATen.h:9,
                 from /root/miniconda3/envs/bdetr/lib/python3.7/site-packages/torch/include/torch/csrc/api/include/torch/types.h:3,
                 from /root/miniconda3/envs/bdetr/lib/python3.7/site-packages/torch/include/torch/csrc/api/include/torch/serialize/input-archive.h:6,
                 from /root/miniconda3/envs/bdetr/lib/python3.7/site-packages/torch/include/torch/csrc/api/include/torch/serialize/archive.h:3,
                 from /root/miniconda3/envs/bdetr/lib/python3.7/site-packages/torch/include/torch/csrc/api/include/torch/serialize/tensor.h:3,
                 from pcdet/ops/pointnet2/pointnet2_stack/src/vector_pool.cpp:11:
/root/miniconda3/envs/bdetr/lib/python3.7/site-packages/torch/include/ATen/core/TensorBody.h:216:7: note: declared here
  216 |   T * data() const {
      |       ^~~~
pcdet/ops/pointnet2/pointnet2_stack/src/vector_pool.cpp:193:77: warning: ‘T* at::Tensor::data() const [with T = float]’ is deprecated: Tensor.data<T>() is deprecated. Please use Tensor.data_ptr<T>() instead. [-Wdeprecated-declarations]
  193 |     float *grad_support_features = grad_support_features_tensor.data<float>();
      |                                                                             ^
In file included from /root/miniconda3/envs/bdetr/lib/python3.7/site-packages/torch/include/ATen/Tensor.h:3,
                 from /root/miniconda3/envs/bdetr/lib/python3.7/site-packages/torch/include/ATen/Context.h:4,
                 from /root/miniconda3/envs/bdetr/lib/python3.7/site-packages/torch/include/ATen/ATen.h:9,
                 from /root/miniconda3/envs/bdetr/lib/python3.7/site-packages/torch/include/torch/csrc/api/include/torch/types.h:3,
                 from /root/miniconda3/envs/bdetr/lib/python3.7/site-packages/torch/include/torch/csrc/api/include/torch/serialize/input-archive.h:6,
                 from /root/miniconda3/envs/bdetr/lib/python3.7/site-packages/torch/include/torch/csrc/api/include/torch/serialize/archive.h:3,
                 from /root/miniconda3/envs/bdetr/lib/python3.7/site-packages/torch/include/torch/csrc/api/include/torch/serialize/tensor.h:3,
                 from pcdet/ops/pointnet2/pointnet2_stack/src/vector_pool.cpp:11:
/root/miniconda3/envs/bdetr/lib/python3.7/site-packages/torch/include/ATen/core/TensorBody.h:216:7: note: declared here
  216 |   T * data() const {
      |       ^~~~
/usr/local/cuda/bin/nvcc -I/root/miniconda3/envs/bdetr/lib/python3.7/site-packages/torch/include -I/root/miniconda3/envs/bdetr/lib/python3.7/site-packages/torch/include/torch/csrc/api/include -I/root/miniconda3/envs/bdetr/lib/python3.7/site-packages/torch/include/TH -I/root/miniconda3/envs/bdetr/lib/python3.7/site-packages/torch/include/THC -I/usr/local/cuda/include -I/root/autodl-tmp/mcln_pvground_runtime_20260908_v1/venv/include -I/root/miniconda3/envs/bdetr/include/python3.7m -c pcdet/ops/pointnet2/pointnet2_stack/src/vector_pool_gpu.cu -o build/temp.linux-x86_64-3.7/pcdet/ops/pointnet2/pointnet2_stack/src/vector_pool_gpu.o -D__CUDA_NO_HALF_OPERATORS__ -D__CUDA_NO_HALF_CONVERSIONS__ -D__CUDA_NO_BFLOAT16_CONVERSIONS__ -D__CUDA_NO_HALF2_OPERATORS__ --expt-relaxed-constexpr --compiler-options '-fPIC' -DTORCH_API_INCLUDE_EXTENSION_H -DPYBIND11_COMPILER_TYPE="_gcc" -DPYBIND11_STDLIB="_libstdcpp" -DPYBIND11_BUILD_ABI="_cxxabi1011" -DTORCH_EXTENSION_NAME=pointnet2_stack_cuda -D_GLIBCXX_USE_CXX11_ABI=0 -gencode=arch=compute_80,code=sm_80 -std=c++14
/root/miniconda3/envs/bdetr/lib/python3.7/site-packages/torch/include/ATen/core/builtin_function.h(110): warning #20236-D: pragma "diag_suppress" is deprecated, use "nv_diag_suppress" instead

/root/miniconda3/envs/bdetr/lib/python3.7/site-packages/torch/include/ATen/core/builtin_function.h(117): warning #20236-D: pragma "diag_default" is deprecated, use "nv_diag_default" instead

/root/miniconda3/envs/bdetr/lib/python3.7/site-packages/torch/include/ATen/core/builtin_function.h(110): warning #20236-D: pragma "diag_suppress" is deprecated, use "nv_diag_suppress" instead

/root/miniconda3/envs/bdetr/lib/python3.7/site-packages/torch/include/ATen/core/builtin_function.h(117): warning #20236-D: pragma "diag_default" is deprecated, use "nv_diag_default" instead

/root/miniconda3/envs/bdetr/lib/python3.7/site-packages/torch/include/ATen/core/builtin_function.h(110): warning #20236-D: pragma "diag_suppress" is deprecated, use "nv_diag_suppress" instead

/root/miniconda3/envs/bdetr/lib/python3.7/site-packages/torch/include/ATen/core/builtin_function.h(117): warning #20236-D: pragma "diag_default" is deprecated, use "nv_diag_default" instead

/root/miniconda3/envs/bdetr/lib/python3.7/site-packages/torch/include/ATen/core/builtin_function.h(110): warning #20236-D: pragma "diag_suppress" is deprecated, use "nv_diag_suppress" instead

/root/miniconda3/envs/bdetr/lib/python3.7/site-packages/torch/include/ATen/core/builtin_function.h(117): warning #20236-D: pragma "diag_default" is deprecated, use "nv_diag_default" instead

gcc -pthread -B /opt/anaconda1anaconda2anaconda3/compiler_compat -Wl,--sysroot=/ -Wsign-compare -DNDEBUG -g -fwrapv -O3 -Wall -Wstrict-prototypes -fPIC -I/root/miniconda3/envs/bdetr/lib/python3.7/site-packages/torch/include -I/root/miniconda3/envs/bdetr/lib/python3.7/site-packages/torch/include/torch/csrc/api/include -I/root/miniconda3/envs/bdetr/lib/python3.7/site-packages/torch/include/TH -I/root/miniconda3/envs/bdetr/lib/python3.7/site-packages/torch/include/THC -I/usr/local/cuda/include -I/root/autodl-tmp/mcln_pvground_runtime_20260908_v1/venv/include -I/root/miniconda3/envs/bdetr/include/python3.7m -c pcdet/ops/pointnet2/pointnet2_stack/src/voxel_query.cpp -o build/temp.linux-x86_64-3.7/pcdet/ops/pointnet2/pointnet2_stack/src/voxel_query.o -DTORCH_API_INCLUDE_EXTENSION_H -DPYBIND11_COMPILER_TYPE="_gcc" -DPYBIND11_STDLIB="_libstdcpp" -DPYBIND11_BUILD_ABI="_cxxabi1011" -DTORCH_EXTENSION_NAME=pointnet2_stack_cuda -D_GLIBCXX_USE_CXX11_ABI=0 -std=c++14
cc1plus: warning: command line option ‘-Wstrict-prototypes’ is valid for C/ObjC but not for C++
pcdet/ops/pointnet2/pointnet2_stack/src/voxel_query.cpp: In function ‘int voxel_query_wrapper_stack(int, int, int, int, int, float, int, int, int, at::Tensor, at::Tensor, at::Tensor, at::Tensor, at::Tensor)’:
pcdet/ops/pointnet2/pointnet2_stack/src/voxel_query.cpp:11:15: warning: ‘at::DeprecatedTypeProperties& at::Tensor::type() const’ is deprecated: Tensor.type() is deprecated. Instead use Tensor.options(), which in many cases (e.g. in a constructor) is a drop-in replacement. If you were using data from type(), that is now available from Tensor itself, so instead of tensor.type().scalar_type(), use tensor.scalar_type() instead and instead of tensor.type().backend() use tensor.device(). [-Wdeprecated-declarations]
   11 |   if (!x.type().is_cuda()) { \
      |               ^
pcdet/ops/pointnet2/pointnet2_stack/src/voxel_query.cpp:22:24: note: in expansion of macro ‘CHECK_CUDA’
   22 | #define CHECK_INPUT(x) CHECK_CUDA(x);CHECK_CONTIGUOUS(x)
      |                        ^~~~~~~~~~
pcdet/ops/pointnet2/pointnet2_stack/src/voxel_query.cpp:28:5: note: in expansion of macro ‘CHECK_INPUT’
   28 |     CHECK_INPUT(new_coords_tensor);
      |     ^~~~~~~~~~~
In file included from /root/miniconda3/envs/bdetr/lib/python3.7/site-packages/torch/include/ATen/Tensor.h:3,
                 from /root/miniconda3/envs/bdetr/lib/python3.7/site-packages/torch/include/ATen/Context.h:4,
                 from /root/miniconda3/envs/bdetr/lib/python3.7/site-packages/torch/include/ATen/ATen.h:9,
                 from /root/miniconda3/envs/bdetr/lib/python3.7/site-packages/torch/include/torch/csrc/api/include/torch/types.h:3,
                 from /root/miniconda3/envs/bdetr/lib/python3.7/site-packages/torch/include/torch/csrc/api/include/torch/serialize/input-archive.h:6,
                 from /root/miniconda3/envs/bdetr/lib/python3.7/site-packages/torch/include/torch/csrc/api/include/torch/serialize/archive.h:3,
                 from /root/miniconda3/envs/bdetr/lib/python3.7/site-packages/torch/include/torch/csrc/api/include/torch/serialize/tensor.h:3,
                 from pcdet/ops/pointnet2/pointnet2_stack/src/voxel_query.cpp:1:
/root/miniconda3/envs/bdetr/lib/python3.7/site-packages/torch/include/ATen/core/TensorBody.h:194:30: note: declared here
  194 |   DeprecatedTypeProperties & type() const {
      |                              ^~~~
pcdet/ops/pointnet2/pointnet2_stack/src/voxel_query.cpp:11:15: warning: ‘at::DeprecatedTypeProperties& at::Tensor::type() const’ is deprecated: Tensor.type() is deprecated. Instead use Tensor.options(), which in many cases (e.g. in a constructor) is a drop-in replacement. If you were using data from type(), that is now available from Tensor itself, so instead of tensor.type().scalar_type(), use tensor.scalar_type() instead and instead of tensor.type().backend() use tensor.device(). [-Wdeprecated-declarations]
   11 |   if (!x.type().is_cuda()) { \
      |               ^
pcdet/ops/pointnet2/pointnet2_stack/src/voxel_query.cpp:22:24: note: in expansion of macro ‘CHECK_CUDA’
   22 | #define CHECK_INPUT(x) CHECK_CUDA(x);CHECK_CONTIGUOUS(x)
      |                        ^~~~~~~~~~
pcdet/ops/pointnet2/pointnet2_stack/src/voxel_query.cpp:29:5: note: in expansion of macro ‘CHECK_INPUT’
   29 |     CHECK_INPUT(point_indices_tensor);
      |     ^~~~~~~~~~~
In file included from /root/miniconda3/envs/bdetr/lib/python3.7/site-packages/torch/include/ATen/Tensor.h:3,
                 from /root/miniconda3/envs/bdetr/lib/python3.7/site-packages/torch/include/ATen/Context.h:4,
                 from /root/miniconda3/envs/bdetr/lib/python3.7/site-packages/torch/include/ATen/ATen.h:9,
                 from /root/miniconda3/envs/bdetr/lib/python3.7/site-packages/torch/include/torch/csrc/api/include/torch/types.h:3,
                 from /root/miniconda3/envs/bdetr/lib/python3.7/site-packages/torch/include/torch/csrc/api/include/torch/serialize/input-archive.h:6,
                 from /root/miniconda3/envs/bdetr/lib/python3.7/site-packages/torch/include/torch/csrc/api/include/torch/serialize/archive.h:3,
                 from /root/miniconda3/envs/bdetr/lib/python3.7/site-packages/torch/include/torch/csrc/api/include/torch/serialize/tensor.h:3,
                 from pcdet/ops/pointnet2/pointnet2_stack/src/voxel_query.cpp:1:
/root/miniconda3/envs/bdetr/lib/python3.7/site-packages/torch/include/ATen/core/TensorBody.h:194:30: note: declared here
  194 |   DeprecatedTypeProperties & type() const {
      |                              ^~~~
pcdet/ops/pointnet2/pointnet2_stack/src/voxel_query.cpp:11:15: warning: ‘at::DeprecatedTypeProperties& at::Tensor::type() const’ is deprecated: Tensor.type() is deprecated. Instead use Tensor.options(), which in many cases (e.g. in a constructor) is a drop-in replacement. If you were using data from type(), that is now available from Tensor itself, so instead of tensor.type().scalar_type(), use tensor.scalar_type() instead and instead of tensor.type().backend() use tensor.device(). [-Wdeprecated-declarations]
   11 |   if (!x.type().is_cuda()) { \
      |               ^
pcdet/ops/pointnet2/pointnet2_stack/src/voxel_query.cpp:22:24: note: in expansion of macro ‘CHECK_CUDA’
   22 | #define CHECK_INPUT(x) CHECK_CUDA(x);CHECK_CONTIGUOUS(x)
      |                        ^~~~~~~~~~
pcdet/ops/pointnet2/pointnet2_stack/src/voxel_query.cpp:30:5: note: in expansion of macro ‘CHECK_INPUT’
   30 |     CHECK_INPUT(new_xyz_tensor);
      |     ^~~~~~~~~~~
In file included from /root/miniconda3/envs/bdetr/lib/python3.7/site-packages/torch/include/ATen/Tensor.h:3,
                 from /root/miniconda3/envs/bdetr/lib/python3.7/site-packages/torch/include/ATen/Context.h:4,
                 from /root/miniconda3/envs/bdetr/lib/python3.7/site-packages/torch/include/ATen/ATen.h:9,
                 from /root/miniconda3/envs/bdetr/lib/python3.7/site-packages/torch/include/torch/csrc/api/include/torch/types.h:3,
                 from /root/miniconda3/envs/bdetr/lib/python3.7/site-packages/torch/include/torch/csrc/api/include/torch/serialize/input-archive.h:6,
                 from /root/miniconda3/envs/bdetr/lib/python3.7/site-packages/torch/include/torch/csrc/api/include/torch/serialize/archive.h:3,
                 from /root/miniconda3/envs/bdetr/lib/python3.7/site-packages/torch/include/torch/csrc/api/include/torch/serialize/tensor.h:3,
                 from pcdet/ops/pointnet2/pointnet2_stack/src/voxel_query.cpp:1:
/root/miniconda3/envs/bdetr/lib/python3.7/site-packages/torch/include/ATen/core/TensorBody.h:194:30: note: declared here
  194 |   DeprecatedTypeProperties & type() const {
      |                              ^~~~
pcdet/ops/pointnet2/pointnet2_stack/src/voxel_query.cpp:11:15: warning: ‘at::DeprecatedTypeProperties& at::Tensor::type() const’ is deprecated: Tensor.type() is deprecated. Instead use Tensor.options(), which in many cases (e.g. in a constructor) is a drop-in replacement. If you were using data from type(), that is now available from Tensor itself, so instead of tensor.type().scalar_type(), use tensor.scalar_type() instead and instead of tensor.type().backend() use tensor.device(). [-Wdeprecated-declarations]
   11 |   if (!x.type().is_cuda()) { \
      |               ^
pcdet/ops/pointnet2/pointnet2_stack/src/voxel_query.cpp:22:24: note: in expansion of macro ‘CHECK_CUDA’
   22 | #define CHECK_INPUT(x) CHECK_CUDA(x);CHECK_CONTIGUOUS(x)
      |                        ^~~~~~~~~~
pcdet/ops/pointnet2/pointnet2_stack/src/voxel_query.cpp:31:5: note: in expansion of macro ‘CHECK_INPUT’
   31 |     CHECK_INPUT(xyz_tensor);
      |     ^~~~~~~~~~~
In file included from /root/miniconda3/envs/bdetr/lib/python3.7/site-packages/torch/include/ATen/Tensor.h:3,
                 from /root/miniconda3/envs/bdetr/lib/python3.7/site-packages/torch/include/ATen/Context.h:4,
                 from /root/miniconda3/envs/bdetr/lib/python3.7/site-packages/torch/include/ATen/ATen.h:9,
                 from /root/miniconda3/envs/bdetr/lib/python3.7/site-packages/torch/include/torch/csrc/api/include/torch/types.h:3,
                 from /root/miniconda3/envs/bdetr/lib/python3.7/site-packages/torch/include/torch/csrc/api/include/torch/serialize/input-archive.h:6,
                 from /root/miniconda3/envs/bdetr/lib/python3.7/site-packages/torch/include/torch/csrc/api/include/torch/serialize/archive.h:3,
                 from /root/miniconda3/envs/bdetr/lib/python3.7/site-packages/torch/include/torch/csrc/api/include/torch/serialize/tensor.h:3,
                 from pcdet/ops/pointnet2/pointnet2_stack/src/voxel_query.cpp:1:
/root/miniconda3/envs/bdetr/lib/python3.7/site-packages/torch/include/ATen/core/TensorBody.h:194:30: note: declared here
  194 |   DeprecatedTypeProperties & type() const {
      |                              ^~~~
pcdet/ops/pointnet2/pointnet2_stack/src/voxel_query.cpp:33:55: warning: ‘T* at::Tensor::data() const [with T = float]’ is deprecated: Tensor.data<T>() is deprecated. Please use Tensor.data_ptr<T>() instead. [-Wdeprecated-declarations]
   33 |     const float *new_xyz = new_xyz_tensor.data<float>();
      |                                                       ^
In file included from /root/miniconda3/envs/bdetr/lib/python3.7/site-packages/torch/include/ATen/Tensor.h:3,
                 from /root/miniconda3/envs/bdetr/lib/python3.7/site-packages/torch/include/ATen/Context.h:4,
                 from /root/miniconda3/envs/bdetr/lib/python3.7/site-packages/torch/include/ATen/ATen.h:9,
                 from /root/miniconda3/envs/bdetr/lib/python3.7/site-packages/torch/include/torch/csrc/api/include/torch/types.h:3,
                 from /root/miniconda3/envs/bdetr/lib/python3.7/site-packages/torch/include/torch/csrc/api/include/torch/serialize/input-archive.h:6,
                 from /root/miniconda3/envs/bdetr/lib/python3.7/site-packages/torch/include/torch/csrc/api/include/torch/serialize/archive.h:3,
                 from /root/miniconda3/envs/bdetr/lib/python3.7/site-packages/torch/include/torch/csrc/api/include/torch/serialize/tensor.h:3,
                 from pcdet/ops/pointnet2/pointnet2_stack/src/voxel_query.cpp:1:
/root/miniconda3/envs/bdetr/lib/python3.7/site-packages/torch/include/ATen/core/TensorBody.h:216:7: note: declared here
  216 |   T * data() const {
      |       ^~~~
pcdet/ops/pointnet2/pointnet2_stack/src/voxel_query.cpp:34:47: warning: ‘T* at::Tensor::data() const [with T = float]’ is deprecated: Tensor.data<T>() is deprecated. Please use Tensor.data_ptr<T>() instead. [-Wdeprecated-declarations]
   34 |     const float *xyz = xyz_tensor.data<float>();
      |                                               ^
In file included from /root/miniconda3/envs/bdetr/lib/python3.7/site-packages/torch/include/ATen/Tensor.h:3,
                 from /root/miniconda3/envs/bdetr/lib/python3.7/site-packages/torch/include/ATen/Context.h:4,
                 from /root/miniconda3/envs/bdetr/lib/python3.7/site-packages/torch/include/ATen/ATen.h:9,
                 from /root/miniconda3/envs/bdetr/lib/python3.7/site-packages/torch/include/torch/csrc/api/include/torch/types.h:3,
                 from /root/miniconda3/envs/bdetr/lib/python3.7/site-packages/torch/include/torch/csrc/api/include/torch/serialize/input-archive.h:6,
                 from /root/miniconda3/envs/bdetr/lib/python3.7/site-packages/torch/include/torch/csrc/api/include/torch/serialize/archive.h:3,
                 from /root/miniconda3/envs/bdetr/lib/python3.7/site-packages/torch/include/torch/csrc/api/include/torch/serialize/tensor.h:3,
                 from pcdet/ops/pointnet2/pointnet2_stack/src/voxel_query.cpp:1:
/root/miniconda3/envs/bdetr/lib/python3.7/site-packages/torch/include/ATen/core/TensorBody.h:216:7: note: declared here
  216 |   T * data() const {
      |       ^~~~
pcdet/ops/pointnet2/pointnet2_stack/src/voxel_query.cpp:35:57: warning: ‘T* at::Tensor::data() const [with T = int]’ is deprecated: Tensor.data<T>() is deprecated. Please use Tensor.data_ptr<T>() instead. [-Wdeprecated-declarations]
   35 |     const int *new_coords = new_coords_tensor.data<int>();
      |                                                         ^
In file included from /root/miniconda3/envs/bdetr/lib/python3.7/site-packages/torch/include/ATen/Tensor.h:3,
                 from /root/miniconda3/envs/bdetr/lib/python3.7/site-packages/torch/include/ATen/Context.h:4,
                 from /root/miniconda3/envs/bdetr/lib/python3.7/site-packages/torch/include/ATen/ATen.h:9,
                 from /root/miniconda3/envs/bdetr/lib/python3.7/site-packages/torch/include/torch/csrc/api/include/torch/types.h:3,
                 from /root/miniconda3/envs/bdetr/lib/python3.7/site-packages/torch/include/torch/csrc/api/include/torch/serialize/input-archive.h:6,
                 from /root/miniconda3/envs/bdetr/lib/python3.7/site-packages/torch/include/torch/csrc/api/include/torch/serialize/archive.h:3,
                 from /root/miniconda3/envs/bdetr/lib/python3.7/site-packages/torch/include/torch/csrc/api/include/torch/serialize/tensor.h:3,
                 from pcdet/ops/pointnet2/pointnet2_stack/src/voxel_query.cpp:1:
/root/miniconda3/envs/bdetr/lib/python3.7/site-packages/torch/include/ATen/core/TensorBody.h:216:7: note: declared here
  216 |   T * data() const {
      |       ^~~~
pcdet/ops/pointnet2/pointnet2_stack/src/voxel_query.cpp:36:63: warning: ‘T* at::Tensor::data() const [with T = int]’ is deprecated: Tensor.data<T>() is deprecated. Please use Tensor.data_ptr<T>() instead. [-Wdeprecated-declarations]
   36 |     const int *point_indices = point_indices_tensor.data<int>();
      |                                                               ^
In file included from /root/miniconda3/envs/bdetr/lib/python3.7/site-packages/torch/include/ATen/Tensor.h:3,
                 from /root/miniconda3/envs/bdetr/lib/python3.7/site-packages/torch/include/ATen/Context.h:4,
                 from /root/miniconda3/envs/bdetr/lib/python3.7/site-packages/torch/include/ATen/ATen.h:9,
                 from /root/miniconda3/envs/bdetr/lib/python3.7/site-packages/torch/include/torch/csrc/api/include/torch/types.h:3,
                 from /root/miniconda3/envs/bdetr/lib/python3.7/site-packages/torch/include/torch/csrc/api/include/torch/serialize/input-archive.h:6,
                 from /root/miniconda3/envs/bdetr/lib/python3.7/site-packages/torch/include/torch/csrc/api/include/torch/serialize/archive.h:3,
                 from /root/miniconda3/envs/bdetr/lib/python3.7/site-packages/torch/include/torch/csrc/api/include/torch/serialize/tensor.h:3,
                 from pcdet/ops/pointnet2/pointnet2_stack/src/voxel_query.cpp:1:
/root/miniconda3/envs/bdetr/lib/python3.7/site-packages/torch/include/ATen/core/TensorBody.h:216:7: note: declared here
  216 |   T * data() const {
      |       ^~~~
pcdet/ops/pointnet2/pointnet2_stack/src/voxel_query.cpp:37:37: warning: ‘T* at::Tensor::data() const [with T = int]’ is deprecated: Tensor.data<T>() is deprecated. Please use Tensor.data_ptr<T>() instead. [-Wdeprecated-declarations]
   37 |     int *idx = idx_tensor.data<int>();
      |                                     ^
In file included from /root/miniconda3/envs/bdetr/lib/python3.7/site-packages/torch/include/ATen/Tensor.h:3,
                 from /root/miniconda3/envs/bdetr/lib/python3.7/site-packages/torch/include/ATen/Context.h:4,
                 from /root/miniconda3/envs/bdetr/lib/python3.7/site-packages/torch/include/ATen/ATen.h:9,
                 from /root/miniconda3/envs/bdetr/lib/python3.7/site-packages/torch/include/torch/csrc/api/include/torch/types.h:3,
                 from /root/miniconda3/envs/bdetr/lib/python3.7/site-packages/torch/include/torch/csrc/api/include/torch/serialize/input-archive.h:6,
                 from /root/miniconda3/envs/bdetr/lib/python3.7/site-packages/torch/include/torch/csrc/api/include/torch/serialize/archive.h:3,
                 from /root/miniconda3/envs/bdetr/lib/python3.7/site-packages/torch/include/torch/csrc/api/include/torch/serialize/tensor.h:3,
                 from pcdet/ops/pointnet2/pointnet2_stack/src/voxel_query.cpp:1:
/root/miniconda3/envs/bdetr/lib/python3.7/site-packages/torch/include/ATen/core/TensorBody.h:216:7: note: declared here
  216 |   T * data() const {
      |       ^~~~
/usr/local/cuda/bin/nvcc -I/root/miniconda3/envs/bdetr/lib/python3.7/site-packages/torch/include -I/root/miniconda3/envs/bdetr/lib/python3.7/site-packages/torch/include/torch/csrc/api/include -I/root/miniconda3/envs/bdetr/lib/python3.7/site-packages/torch/include/TH -I/root/miniconda3/envs/bdetr/lib/python3.7/site-packages/torch/include/THC -I/usr/local/cuda/include -I/root/autodl-tmp/mcln_pvground_runtime_20260908_v1/venv/include -I/root/miniconda3/envs/bdetr/include/python3.7m -c pcdet/ops/pointnet2/pointnet2_stack/src/voxel_query_gpu.cu -o build/temp.linux-x86_64-3.7/pcdet/ops/pointnet2/pointnet2_stack/src/voxel_query_gpu.o -D__CUDA_NO_HALF_OPERATORS__ -D__CUDA_NO_HALF_CONVERSIONS__ -D__CUDA_NO_BFLOAT16_CONVERSIONS__ -D__CUDA_NO_HALF2_OPERATORS__ --expt-relaxed-constexpr --compiler-options '-fPIC' -DTORCH_API_INCLUDE_EXTENSION_H -DPYBIND11_COMPILER_TYPE="_gcc" -DPYBIND11_STDLIB="_libstdcpp" -DPYBIND11_BUILD_ABI="_cxxabi1011" -DTORCH_EXTENSION_NAME=pointnet2_stack_cuda -D_GLIBCXX_USE_CXX11_ABI=0 -gencode=arch=compute_80,code=sm_80 -std=c++14
/root/miniconda3/envs/bdetr/lib/python3.7/site-packages/torch/include/ATen/core/builtin_function.h(110): warning #20236-D: pragma "diag_suppress" is deprecated, use "nv_diag_suppress" instead

/root/miniconda3/envs/bdetr/lib/python3.7/site-packages/torch/include/ATen/core/builtin_function.h(117): warning #20236-D: pragma "diag_default" is deprecated, use "nv_diag_default" instead

/root/miniconda3/envs/bdetr/lib/python3.7/site-packages/torch/include/ATen/core/builtin_function.h(110): warning #20236-D: pragma "diag_suppress" is deprecated, use "nv_diag_suppress" instead

/root/miniconda3/envs/bdetr/lib/python3.7/site-packages/torch/include/ATen/core/builtin_function.h(117): warning #20236-D: pragma "diag_default" is deprecated, use "nv_diag_default" instead

/root/miniconda3/envs/bdetr/lib/python3.7/site-packages/torch/include/ATen/core/builtin_function.h(110): warning #20236-D: pragma "diag_suppress" is deprecated, use "nv_diag_suppress" instead

/root/miniconda3/envs/bdetr/lib/python3.7/site-packages/torch/include/ATen/core/builtin_function.h(117): warning #20236-D: pragma "diag_default" is deprecated, use "nv_diag_default" instead

/root/miniconda3/envs/bdetr/lib/python3.7/site-packages/torch/include/ATen/core/builtin_function.h(110): warning #20236-D: pragma "diag_suppress" is deprecated, use "nv_diag_suppress" instead

/root/miniconda3/envs/bdetr/lib/python3.7/site-packages/torch/include/ATen/core/builtin_function.h(117): warning #20236-D: pragma "diag_default" is deprecated, use "nv_diag_default" instead

creating build/lib.linux-x86_64-3.7
creating build/lib.linux-x86_64-3.7/pcdet
creating build/lib.linux-x86_64-3.7/pcdet/ops
creating build/lib.linux-x86_64-3.7/pcdet/ops/pointnet2
creating build/lib.linux-x86_64-3.7/pcdet/ops/pointnet2/pointnet2_stack
g++ -pthread -shared -B /opt/anaconda1anaconda2anaconda3/compiler_compat -L/opt/anaconda1anaconda2anaconda3/lib -Wl,-rpath=/opt/anaconda1anaconda2anaconda3/lib -Wl,--no-as-needed -Wl,--sysroot=/ build/temp.linux-x86_64-3.7/pcdet/ops/pointnet2/pointnet2_stack/src/ball_query.o build/temp.linux-x86_64-3.7/pcdet/ops/pointnet2/pointnet2_stack/src/ball_query_gpu.o build/temp.linux-x86_64-3.7/pcdet/ops/pointnet2/pointnet2_stack/src/group_points.o build/temp.linux-x86_64-3.7/pcdet/ops/pointnet2/pointnet2_stack/src/group_points_gpu.o build/temp.linux-x86_64-3.7/pcdet/ops/pointnet2/pointnet2_stack/src/interpolate.o build/temp.linux-x86_64-3.7/pcdet/ops/pointnet2/pointnet2_stack/src/interpolate_gpu.o build/temp.linux-x86_64-3.7/pcdet/ops/pointnet2/pointnet2_stack/src/pointnet2_api.o build/temp.linux-x86_64-3.7/pcdet/ops/pointnet2/pointnet2_stack/src/sampling.o build/temp.linux-x86_64-3.7/pcdet/ops/pointnet2/pointnet2_stack/src/sampling_gpu.o build/temp.linux-x86_64-3.7/pcdet/ops/pointnet2/pointnet2_stack/src/vector_pool.o build/temp.linux-x86_64-3.7/pcdet/ops/pointnet2/pointnet2_stack/src/vector_pool_gpu.o build/temp.linux-x86_64-3.7/pcdet/ops/pointnet2/pointnet2_stack/src/voxel_query.o build/temp.linux-x86_64-3.7/pcdet/ops/pointnet2/pointnet2_stack/src/voxel_query_gpu.o -L/root/miniconda3/envs/bdetr/lib/python3.7/site-packages/torch/lib -L/usr/local/cuda/lib64 -lc10 -ltorch -ltorch_cpu -ltorch_python -lcudart -lc10_cuda -ltorch_cuda_cu -ltorch_cuda_cpp -o build/lib.linux-x86_64-3.7/pcdet/ops/pointnet2/pointnet2_stack/pointnet2_stack_cuda.cpython-37m-x86_64-linux-gnu.so
building 'pcdet.ops.roiaware_pool3d.roiaware_pool3d_cuda' extension
creating build/temp.linux-x86_64-3.7/pcdet/ops/roiaware_pool3d
creating build/temp.linux-x86_64-3.7/pcdet/ops/roiaware_pool3d/src
gcc -pthread -B /opt/anaconda1anaconda2anaconda3/compiler_compat -Wl,--sysroot=/ -Wsign-compare -DNDEBUG -g -fwrapv -O3 -Wall -Wstrict-prototypes -fPIC -I/root/miniconda3/envs/bdetr/lib/python3.7/site-packages/torch/include -I/root/miniconda3/envs/bdetr/lib/python3.7/site-packages/torch/include/torch/csrc/api/include -I/root/miniconda3/envs/bdetr/lib/python3.7/site-packages/torch/include/TH -I/root/miniconda3/envs/bdetr/lib/python3.7/site-packages/torch/include/THC -I/usr/local/cuda/include -I/root/autodl-tmp/mcln_pvground_runtime_20260908_v1/venv/include -I/root/miniconda3/envs/bdetr/include/python3.7m -c pcdet/ops/roiaware_pool3d/src/roiaware_pool3d.cpp -o build/temp.linux-x86_64-3.7/pcdet/ops/roiaware_pool3d/src/roiaware_pool3d.o -DTORCH_API_INCLUDE_EXTENSION_H -DPYBIND11_COMPILER_TYPE="_gcc" -DPYBIND11_STDLIB="_libstdcpp" -DPYBIND11_BUILD_ABI="_cxxabi1011" -DTORCH_EXTENSION_NAME=roiaware_pool3d_cuda -D_GLIBCXX_USE_CXX11_ABI=0 -std=c++14
cc1plus: warning: command line option ‘-Wstrict-prototypes’ is valid for C/ObjC but not for C++
pcdet/ops/roiaware_pool3d/src/roiaware_pool3d.cpp: In function ‘int roiaware_pool3d_gpu(at::Tensor, at::Tensor, at::Tensor, at::Tensor, at::Tensor, at::Tensor, int)’:
pcdet/ops/roiaware_pool3d/src/roiaware_pool3d.cpp:55:47: warning: ‘T* at::Tensor::data() const [with T = float]’ is deprecated: Tensor.data<T>() is deprecated. Please use Tensor.data_ptr<T>() instead. [-Wdeprecated-declarations]
   55 |     const float *rois_data = rois.data<float>();
      |                                               ^
In file included from /root/miniconda3/envs/bdetr/lib/python3.7/site-packages/torch/include/ATen/Tensor.h:3,
                 from /root/miniconda3/envs/bdetr/lib/python3.7/site-packages/torch/include/ATen/Context.h:4,
                 from /root/miniconda3/envs/bdetr/lib/python3.7/site-packages/torch/include/ATen/ATen.h:9,
                 from /root/miniconda3/envs/bdetr/lib/python3.7/site-packages/torch/include/torch/csrc/api/include/torch/types.h:3,
                 from /root/miniconda3/envs/bdetr/lib/python3.7/site-packages/torch/include/torch/csrc/api/include/torch/serialize/input-archive.h:6,
                 from /root/miniconda3/envs/bdetr/lib/python3.7/site-packages/torch/include/torch/csrc/api/include/torch/serialize/archive.h:3,
                 from /root/miniconda3/envs/bdetr/lib/python3.7/site-packages/torch/include/torch/csrc/api/include/torch/serialize/tensor.h:3,
                 from pcdet/ops/roiaware_pool3d/src/roiaware_pool3d.cpp:9:
/root/miniconda3/envs/bdetr/lib/python3.7/site-packages/torch/include/ATen/core/TensorBody.h:216:7: note: declared here
  216 |   T * data() const {
      |       ^~~~
pcdet/ops/roiaware_pool3d/src/roiaware_pool3d.cpp:56:45: warning: ‘T* at::Tensor::data() const [with T = float]’ is deprecated: Tensor.data<T>() is deprecated. Please use Tensor.data_ptr<T>() instead. [-Wdeprecated-declarations]
   56 |     const float *pts_data = pts.data<float>();
      |                                             ^
In file included from /root/miniconda3/envs/bdetr/lib/python3.7/site-packages/torch/include/ATen/Tensor.h:3,
                 from /root/miniconda3/envs/bdetr/lib/python3.7/site-packages/torch/include/ATen/Context.h:4,
                 from /root/miniconda3/envs/bdetr/lib/python3.7/site-packages/torch/include/ATen/ATen.h:9,
                 from /root/miniconda3/envs/bdetr/lib/python3.7/site-packages/torch/include/torch/csrc/api/include/torch/types.h:3,
                 from /root/miniconda3/envs/bdetr/lib/python3.7/site-packages/torch/include/torch/csrc/api/include/torch/serialize/input-archive.h:6,
                 from /root/miniconda3/envs/bdetr/lib/python3.7/site-packages/torch/include/torch/csrc/api/include/torch/serialize/archive.h:3,
                 from /root/miniconda3/envs/bdetr/lib/python3.7/site-packages/torch/include/torch/csrc/api/include/torch/serialize/tensor.h:3,
                 from pcdet/ops/roiaware_pool3d/src/roiaware_pool3d.cpp:9:
/root/miniconda3/envs/bdetr/lib/python3.7/site-packages/torch/include/ATen/core/TensorBody.h:216:7: note: declared here
  216 |   T * data() const {
      |       ^~~~
pcdet/ops/roiaware_pool3d/src/roiaware_pool3d.cpp:57:61: warning: ‘T* at::Tensor::data() const [with T = float]’ is deprecated: Tensor.data<T>() is deprecated. Please use Tensor.data_ptr<T>() instead. [-Wdeprecated-declarations]
   57 |     const float *pts_feature_data = pts_feature.data<float>();
      |                                                             ^
In file included from /root/miniconda3/envs/bdetr/lib/python3.7/site-packages/torch/include/ATen/Tensor.h:3,
                 from /root/miniconda3/envs/bdetr/lib/python3.7/site-packages/torch/include/ATen/Context.h:4,
                 from /root/miniconda3/envs/bdetr/lib/python3.7/site-packages/torch/include/ATen/ATen.h:9,
                 from /root/miniconda3/envs/bdetr/lib/python3.7/site-packages/torch/include/torch/csrc/api/include/torch/types.h:3,
                 from /root/miniconda3/envs/bdetr/lib/python3.7/site-packages/torch/include/torch/csrc/api/include/torch/serialize/input-archive.h:6,
                 from /root/miniconda3/envs/bdetr/lib/python3.7/site-packages/torch/include/torch/csrc/api/include/torch/serialize/archive.h:3,
                 from /root/miniconda3/envs/bdetr/lib/python3.7/site-packages/torch/include/torch/csrc/api/include/torch/serialize/tensor.h:3,
                 from pcdet/ops/roiaware_pool3d/src/roiaware_pool3d.cpp:9:
/root/miniconda3/envs/bdetr/lib/python3.7/site-packages/torch/include/ATen/core/TensorBody.h:216:7: note: declared here
  216 |   T * data() const {
      |       ^~~~
pcdet/ops/roiaware_pool3d/src/roiaware_pool3d.cpp:58:41: warning: ‘T* at::Tensor::data() const [with T = int]’ is deprecated: Tensor.data<T>() is deprecated. Please use Tensor.data_ptr<T>() instead. [-Wdeprecated-declarations]
   58 |     int *argmax_data = argmax.data<int>();
      |                                         ^
In file included from /root/miniconda3/envs/bdetr/lib/python3.7/site-packages/torch/include/ATen/Tensor.h:3,
                 from /root/miniconda3/envs/bdetr/lib/python3.7/site-packages/torch/include/ATen/Context.h:4,
                 from /root/miniconda3/envs/bdetr/lib/python3.7/site-packages/torch/include/ATen/ATen.h:9,
                 from /root/miniconda3/envs/bdetr/lib/python3.7/site-packages/torch/include/torch/csrc/api/include/torch/types.h:3,
                 from /root/miniconda3/envs/bdetr/lib/python3.7/site-packages/torch/include/torch/csrc/api/include/torch/serialize/input-archive.h:6,
                 from /root/miniconda3/envs/bdetr/lib/python3.7/site-packages/torch/include/torch/csrc/api/include/torch/serialize/archive.h:3,
                 from /root/miniconda3/envs/bdetr/lib/python3.7/site-packages/torch/include/torch/csrc/api/include/torch/serialize/tensor.h:3,
                 from pcdet/ops/roiaware_pool3d/src/roiaware_pool3d.cpp:9:
/root/miniconda3/envs/bdetr/lib/python3.7/site-packages/torch/include/ATen/core/TensorBody.h:216:7: note: declared here
  216 |   T * data() const {
      |       ^~~~
pcdet/ops/roiaware_pool3d/src/roiaware_pool3d.cpp:59:63: warning: ‘T* at::Tensor::data() const [with T = int]’ is deprecated: Tensor.data<T>() is deprecated. Please use Tensor.data_ptr<T>() instead. [-Wdeprecated-declarations]
   59 |     int *pts_idx_of_voxels_data = pts_idx_of_voxels.data<int>();
      |                                                               ^
In file included from /root/miniconda3/envs/bdetr/lib/python3.7/site-packages/torch/include/ATen/Tensor.h:3,
                 from /root/miniconda3/envs/bdetr/lib/python3.7/site-packages/torch/include/ATen/Context.h:4,
                 from /root/miniconda3/envs/bdetr/lib/python3.7/site-packages/torch/include/ATen/ATen.h:9,
                 from /root/miniconda3/envs/bdetr/lib/python3.7/site-packages/torch/include/torch/csrc/api/include/torch/types.h:3,
                 from /root/miniconda3/envs/bdetr/lib/python3.7/site-packages/torch/include/torch/csrc/api/include/torch/serialize/input-archive.h:6,
                 from /root/miniconda3/envs/bdetr/lib/python3.7/site-packages/torch/include/torch/csrc/api/include/torch/serialize/archive.h:3,
                 from /root/miniconda3/envs/bdetr/lib/python3.7/site-packages/torch/include/torch/csrc/api/include/torch/serialize/tensor.h:3,
                 from pcdet/ops/roiaware_pool3d/src/roiaware_pool3d.cpp:9:
/root/miniconda3/envs/bdetr/lib/python3.7/site-packages/torch/include/ATen/core/TensorBody.h:216:7: note: declared here
  216 |   T * data() const {
      |       ^~~~
pcdet/ops/roiaware_pool3d/src/roiaware_pool3d.cpp:60:63: warning: ‘T* at::Tensor::data() const [with T = float]’ is deprecated: Tensor.data<T>() is deprecated. Please use Tensor.data_ptr<T>() instead. [-Wdeprecated-declarations]
   60 |     float *pooled_features_data = pooled_features.data<float>();
      |                                                               ^
In file included from /root/miniconda3/envs/bdetr/lib/python3.7/site-packages/torch/include/ATen/Tensor.h:3,
                 from /root/miniconda3/envs/bdetr/lib/python3.7/site-packages/torch/include/ATen/Context.h:4,
                 from /root/miniconda3/envs/bdetr/lib/python3.7/site-packages/torch/include/ATen/ATen.h:9,
                 from /root/miniconda3/envs/bdetr/lib/python3.7/site-packages/torch/include/torch/csrc/api/include/torch/types.h:3,
                 from /root/miniconda3/envs/bdetr/lib/python3.7/site-packages/torch/include/torch/csrc/api/include/torch/serialize/input-archive.h:6,
                 from /root/miniconda3/envs/bdetr/lib/python3.7/site-packages/torch/include/torch/csrc/api/include/torch/serialize/archive.h:3,
                 from /root/miniconda3/envs/bdetr/lib/python3.7/site-packages/torch/include/torch/csrc/api/include/torch/serialize/tensor.h:3,
                 from pcdet/ops/roiaware_pool3d/src/roiaware_pool3d.cpp:9:
/root/miniconda3/envs/bdetr/lib/python3.7/site-packages/torch/include/ATen/core/TensorBody.h:216:7: note: declared here
  216 |   T * data() const {
      |       ^~~~
pcdet/ops/roiaware_pool3d/src/roiaware_pool3d.cpp: In function ‘int roiaware_pool3d_gpu_backward(at::Tensor, at::Tensor, at::Tensor, at::Tensor, int)’:
pcdet/ops/roiaware_pool3d/src/roiaware_pool3d.cpp:87:69: warning: ‘T* at::Tensor::data() const [with T = int]’ is deprecated: Tensor.data<T>() is deprecated. Please use Tensor.data_ptr<T>() instead. [-Wdeprecated-declarations]
   87 |     const int *pts_idx_of_voxels_data = pts_idx_of_voxels.data<int>();
      |                                                                     ^
In file included from /root/miniconda3/envs/bdetr/lib/python3.7/site-packages/torch/include/ATen/Tensor.h:3,
                 from /root/miniconda3/envs/bdetr/lib/python3.7/site-packages/torch/include/ATen/Context.h:4,
                 from /root/miniconda3/envs/bdetr/lib/python3.7/site-packages/torch/include/ATen/ATen.h:9,
                 from /root/miniconda3/envs/bdetr/lib/python3.7/site-packages/torch/include/torch/csrc/api/include/torch/types.h:3,
                 from /root/miniconda3/envs/bdetr/lib/python3.7/site-packages/torch/include/torch/csrc/api/include/torch/serialize/input-archive.h:6,
                 from /root/miniconda3/envs/bdetr/lib/python3.7/site-packages/torch/include/torch/csrc/api/include/torch/serialize/archive.h:3,
                 from /root/miniconda3/envs/bdetr/lib/python3.7/site-packages/torch/include/torch/csrc/api/include/torch/serialize/tensor.h:3,
                 from pcdet/ops/roiaware_pool3d/src/roiaware_pool3d.cpp:9:
/root/miniconda3/envs/bdetr/lib/python3.7/site-packages/torch/include/ATen/core/TensorBody.h:216:7: note: declared here
  216 |   T * data() const {
      |       ^~~~
pcdet/ops/roiaware_pool3d/src/roiaware_pool3d.cpp:88:47: warning: ‘T* at::Tensor::data() const [with T = int]’ is deprecated: Tensor.data<T>() is deprecated. Please use Tensor.data_ptr<T>() instead. [-Wdeprecated-declarations]
   88 |     const int *argmax_data = argmax.data<int>();
      |                                               ^
In file included from /root/miniconda3/envs/bdetr/lib/python3.7/site-packages/torch/include/ATen/Tensor.h:3,
                 from /root/miniconda3/envs/bdetr/lib/python3.7/site-packages/torch/include/ATen/Context.h:4,
                 from /root/miniconda3/envs/bdetr/lib/python3.7/site-packages/torch/include/ATen/ATen.h:9,
                 from /root/miniconda3/envs/bdetr/lib/python3.7/site-packages/torch/include/torch/csrc/api/include/torch/types.h:3,
                 from /root/miniconda3/envs/bdetr/lib/python3.7/site-packages/torch/include/torch/csrc/api/include/torch/serialize/input-archive.h:6,
                 from /root/miniconda3/envs/bdetr/lib/python3.7/site-packages/torch/include/torch/csrc/api/include/torch/serialize/archive.h:3,
                 from /root/miniconda3/envs/bdetr/lib/python3.7/site-packages/torch/include/torch/csrc/api/include/torch/serialize/tensor.h:3,
                 from pcdet/ops/roiaware_pool3d/src/roiaware_pool3d.cpp:9:
/root/miniconda3/envs/bdetr/lib/python3.7/site-packages/torch/include/ATen/core/TensorBody.h:216:7: note: declared here
  216 |   T * data() const {
      |       ^~~~
pcdet/ops/roiaware_pool3d/src/roiaware_pool3d.cpp:89:55: warning: ‘T* at::Tensor::data() const [with T = float]’ is deprecated: Tensor.data<T>() is deprecated. Please use Tensor.data_ptr<T>() instead. [-Wdeprecated-declarations]
   89 |     const float *grad_out_data = grad_out.data<float>();
      |                                                       ^
In file included from /root/miniconda3/envs/bdetr/lib/python3.7/site-packages/torch/include/ATen/Tensor.h:3,
                 from /root/miniconda3/envs/bdetr/lib/python3.7/site-packages/torch/include/ATen/Context.h:4,
                 from /root/miniconda3/envs/bdetr/lib/python3.7/site-packages/torch/include/ATen/ATen.h:9,
                 from /root/miniconda3/envs/bdetr/lib/python3.7/site-packages/torch/include/torch/csrc/api/include/torch/types.h:3,
                 from /root/miniconda3/envs/bdetr/lib/python3.7/site-packages/torch/include/torch/csrc/api/include/torch/serialize/input-archive.h:6,
                 from /root/miniconda3/envs/bdetr/lib/python3.7/site-packages/torch/include/torch/csrc/api/include/torch/serialize/archive.h:3,
                 from /root/miniconda3/envs/bdetr/lib/python3.7/site-packages/torch/include/torch/csrc/api/include/torch/serialize/tensor.h:3,
                 from pcdet/ops/roiaware_pool3d/src/roiaware_pool3d.cpp:9:
/root/miniconda3/envs/bdetr/lib/python3.7/site-packages/torch/include/ATen/core/TensorBody.h:216:7: note: declared here
  216 |   T * data() const {
      |       ^~~~
pcdet/ops/roiaware_pool3d/src/roiaware_pool3d.cpp:90:47: warning: ‘T* at::Tensor::data() const [with T = float]’ is deprecated: Tensor.data<T>() is deprecated. Please use Tensor.data_ptr<T>() instead. [-Wdeprecated-declarations]
   90 |     float *grad_in_data = grad_in.data<float>();
      |                                               ^
In file included from /root/miniconda3/envs/bdetr/lib/python3.7/site-packages/torch/include/ATen/Tensor.h:3,
                 from /root/miniconda3/envs/bdetr/lib/python3.7/site-packages/torch/include/ATen/Context.h:4,
                 from /root/miniconda3/envs/bdetr/lib/python3.7/site-packages/torch/include/ATen/ATen.h:9,
                 from /root/miniconda3/envs/bdetr/lib/python3.7/site-packages/torch/include/torch/csrc/api/include/torch/types.h:3,
                 from /root/miniconda3/envs/bdetr/lib/python3.7/site-packages/torch/include/torch/csrc/api/include/torch/serialize/input-archive.h:6,
                 from /root/miniconda3/envs/bdetr/lib/python3.7/site-packages/torch/include/torch/csrc/api/include/torch/serialize/archive.h:3,
                 from /root/miniconda3/envs/bdetr/lib/python3.7/site-packages/torch/include/torch/csrc/api/include/torch/serialize/tensor.h:3,
                 from pcdet/ops/roiaware_pool3d/src/roiaware_pool3d.cpp:9:
/root/miniconda3/envs/bdetr/lib/python3.7/site-packages/torch/include/ATen/core/TensorBody.h:216:7: note: declared here
  216 |   T * data() const {
      |       ^~~~
pcdet/ops/roiaware_pool3d/src/roiaware_pool3d.cpp: In function ‘int points_in_boxes_gpu(at::Tensor, at::Tensor, at::Tensor)’:
pcdet/ops/roiaware_pool3d/src/roiaware_pool3d.cpp:111:51: warning: ‘T* at::Tensor::data() const [with T = float]’ is deprecated: Tensor.data<T>() is deprecated. Please use Tensor.data_ptr<T>() instead. [-Wdeprecated-declarations]
  111 |     const float *boxes = boxes_tensor.data<float>();
      |                                                   ^
In file included from /root/miniconda3/envs/bdetr/lib/python3.7/site-packages/torch/include/ATen/Tensor.h:3,
                 from /root/miniconda3/envs/bdetr/lib/python3.7/site-packages/torch/include/ATen/Context.h:4,
                 from /root/miniconda3/envs/bdetr/lib/python3.7/site-packages/torch/include/ATen/ATen.h:9,
                 from /root/miniconda3/envs/bdetr/lib/python3.7/site-packages/torch/include/torch/csrc/api/include/torch/types.h:3,
                 from /root/miniconda3/envs/bdetr/lib/python3.7/site-packages/torch/include/torch/csrc/api/include/torch/serialize/input-archive.h:6,
                 from /root/miniconda3/envs/bdetr/lib/python3.7/site-packages/torch/include/torch/csrc/api/include/torch/serialize/archive.h:3,
                 from /root/miniconda3/envs/bdetr/lib/python3.7/site-packages/torch/include/torch/csrc/api/include/torch/serialize/tensor.h:3,
                 from pcdet/ops/roiaware_pool3d/src/roiaware_pool3d.cpp:9:
/root/miniconda3/envs/bdetr/lib/python3.7/site-packages/torch/include/ATen/core/TensorBody.h:216:7: note: declared here
  216 |   T * data() const {
      |       ^~~~
pcdet/ops/roiaware_pool3d/src/roiaware_pool3d.cpp:112:47: warning: ‘T* at::Tensor::data() const [with T = float]’ is deprecated: Tensor.data<T>() is deprecated. Please use Tensor.data_ptr<T>() instead. [-Wdeprecated-declarations]
  112 |     const float *pts = pts_tensor.data<float>();
      |                                               ^
In file included from /root/miniconda3/envs/bdetr/lib/python3.7/site-packages/torch/include/ATen/Tensor.h:3,
                 from /root/miniconda3/envs/bdetr/lib/python3.7/site-packages/torch/include/ATen/Context.h:4,
                 from /root/miniconda3/envs/bdetr/lib/python3.7/site-packages/torch/include/ATen/ATen.h:9,
                 from /root/miniconda3/envs/bdetr/lib/python3.7/site-packages/torch/include/torch/csrc/api/include/torch/types.h:3,
                 from /root/miniconda3/envs/bdetr/lib/python3.7/site-packages/torch/include/torch/csrc/api/include/torch/serialize/input-archive.h:6,
                 from /root/miniconda3/envs/bdetr/lib/python3.7/site-packages/torch/include/torch/csrc/api/include/torch/serialize/archive.h:3,
                 from /root/miniconda3/envs/bdetr/lib/python3.7/site-packages/torch/include/torch/csrc/api/include/torch/serialize/tensor.h:3,
                 from pcdet/ops/roiaware_pool3d/src/roiaware_pool3d.cpp:9:
/root/miniconda3/envs/bdetr/lib/python3.7/site-packages/torch/include/ATen/core/TensorBody.h:216:7: note: declared here
  216 |   T * data() const {
      |       ^~~~
pcdet/ops/roiaware_pool3d/src/roiaware_pool3d.cpp:113:65: warning: ‘T* at::Tensor::data() const [with T = int]’ is deprecated: Tensor.data<T>() is deprecated. Please use Tensor.data_ptr<T>() instead. [-Wdeprecated-declarations]
  113 |     int *box_idx_of_points = box_idx_of_points_tensor.data<int>();
      |                                                                 ^
In file included from /root/miniconda3/envs/bdetr/lib/python3.7/site-packages/torch/include/ATen/Tensor.h:3,
                 from /root/miniconda3/envs/bdetr/lib/python3.7/site-packages/torch/include/ATen/Context.h:4,
                 from /root/miniconda3/envs/bdetr/lib/python3.7/site-packages/torch/include/ATen/ATen.h:9,
                 from /root/miniconda3/envs/bdetr/lib/python3.7/site-packages/torch/include/torch/csrc/api/include/torch/types.h:3,
                 from /root/miniconda3/envs/bdetr/lib/python3.7/site-packages/torch/include/torch/csrc/api/include/torch/serialize/input-archive.h:6,
                 from /root/miniconda3/envs/bdetr/lib/python3.7/site-packages/torch/include/torch/csrc/api/include/torch/serialize/archive.h:3,
                 from /root/miniconda3/envs/bdetr/lib/python3.7/site-packages/torch/include/torch/csrc/api/include/torch/serialize/tensor.h:3,
                 from pcdet/ops/roiaware_pool3d/src/roiaware_pool3d.cpp:9:
/root/miniconda3/envs/bdetr/lib/python3.7/site-packages/torch/include/ATen/core/TensorBody.h:216:7: note: declared here
  216 |   T * data() const {
      |       ^~~~
pcdet/ops/roiaware_pool3d/src/roiaware_pool3d.cpp: In function ‘int points_in_boxes_cpu(at::Tensor, at::Tensor, at::Tensor)’:
pcdet/ops/roiaware_pool3d/src/roiaware_pool3d.cpp:155:51: warning: ‘T* at::Tensor::data() const [with T = float]’ is deprecated: Tensor.data<T>() is deprecated. Please use Tensor.data_ptr<T>() instead. [-Wdeprecated-declarations]
  155 |     const float *boxes = boxes_tensor.data<float>();
      |                                                   ^
In file included from /root/miniconda3/envs/bdetr/lib/python3.7/site-packages/torch/include/ATen/Tensor.h:3,
                 from /root/miniconda3/envs/bdetr/lib/python3.7/site-packages/torch/include/ATen/Context.h:4,
                 from /root/miniconda3/envs/bdetr/lib/python3.7/site-packages/torch/include/ATen/ATen.h:9,
                 from /root/miniconda3/envs/bdetr/lib/python3.7/site-packages/torch/include/torch/csrc/api/include/torch/types.h:3,
                 from /root/miniconda3/envs/bdetr/lib/python3.7/site-packages/torch/include/torch/csrc/api/include/torch/serialize/input-archive.h:6,
                 from /root/miniconda3/envs/bdetr/lib/python3.7/site-packages/torch/include/torch/csrc/api/include/torch/serialize/archive.h:3,
                 from /root/miniconda3/envs/bdetr/lib/python3.7/site-packages/torch/include/torch/csrc/api/include/torch/serialize/tensor.h:3,
                 from pcdet/ops/roiaware_pool3d/src/roiaware_pool3d.cpp:9:
/root/miniconda3/envs/bdetr/lib/python3.7/site-packages/torch/include/ATen/core/TensorBody.h:216:7: note: declared here
  216 |   T * data() const {
      |       ^~~~
pcdet/ops/roiaware_pool3d/src/roiaware_pool3d.cpp:156:47: warning: ‘T* at::Tensor::data() const [with T = float]’ is deprecated: Tensor.data<T>() is deprecated. Please use Tensor.data_ptr<T>() instead. [-Wdeprecated-declarations]
  156 |     const float *pts = pts_tensor.data<float>();
      |                                               ^
In file included from /root/miniconda3/envs/bdetr/lib/python3.7/site-packages/torch/include/ATen/Tensor.h:3,
                 from /root/miniconda3/envs/bdetr/lib/python3.7/site-packages/torch/include/ATen/Context.h:4,
                 from /root/miniconda3/envs/bdetr/lib/python3.7/site-packages/torch/include/ATen/ATen.h:9,
                 from /root/miniconda3/envs/bdetr/lib/python3.7/site-packages/torch/include/torch/csrc/api/include/torch/types.h:3,
                 from /root/miniconda3/envs/bdetr/lib/python3.7/site-packages/torch/include/torch/csrc/api/include/torch/serialize/input-archive.h:6,
                 from /root/miniconda3/envs/bdetr/lib/python3.7/site-packages/torch/include/torch/csrc/api/include/torch/serialize/archive.h:3,
                 from /root/miniconda3/envs/bdetr/lib/python3.7/site-packages/torch/include/torch/csrc/api/include/torch/serialize/tensor.h:3,
                 from pcdet/ops/roiaware_pool3d/src/roiaware_pool3d.cpp:9:
/root/miniconda3/envs/bdetr/lib/python3.7/site-packages/torch/include/ATen/core/TensorBody.h:216:7: note: declared here
  216 |   T * data() const {
      |       ^~~~
pcdet/ops/roiaware_pool3d/src/roiaware_pool3d.cpp:157:53: warning: ‘T* at::Tensor::data() const [with T = int]’ is deprecated: Tensor.data<T>() is deprecated. Please use Tensor.data_ptr<T>() instead. [-Wdeprecated-declarations]
  157 |     int *pts_indices = pts_indices_tensor.data<int>();
      |                                                     ^
In file included from /root/miniconda3/envs/bdetr/lib/python3.7/site-packages/torch/include/ATen/Tensor.h:3,
                 from /root/miniconda3/envs/bdetr/lib/python3.7/site-packages/torch/include/ATen/Context.h:4,
                 from /root/miniconda3/envs/bdetr/lib/python3.7/site-packages/torch/include/ATen/ATen.h:9,
                 from /root/miniconda3/envs/bdetr/lib/python3.7/site-packages/torch/include/torch/csrc/api/include/torch/types.h:3,
                 from /root/miniconda3/envs/bdetr/lib/python3.7/site-packages/torch/include/torch/csrc/api/include/torch/serialize/input-archive.h:6,
                 from /root/miniconda3/envs/bdetr/lib/python3.7/site-packages/torch/include/torch/csrc/api/include/torch/serialize/archive.h:3,
                 from /root/miniconda3/envs/bdetr/lib/python3.7/site-packages/torch/include/torch/csrc/api/include/torch/serialize/tensor.h:3,
                 from pcdet/ops/roiaware_pool3d/src/roiaware_pool3d.cpp:9:
/root/miniconda3/envs/bdetr/lib/python3.7/site-packages/torch/include/ATen/core/TensorBody.h:216:7: note: declared here
  216 |   T * data() const {
      |       ^~~~
/usr/local/cuda/bin/nvcc -I/root/miniconda3/envs/bdetr/lib/python3.7/site-packages/torch/include -I/root/miniconda3/envs/bdetr/lib/python3.7/site-packages/torch/include/torch/csrc/api/include -I/root/miniconda3/envs/bdetr/lib/python3.7/site-packages/torch/include/TH -I/root/miniconda3/envs/bdetr/lib/python3.7/site-packages/torch/include/THC -I/usr/local/cuda/include -I/root/autodl-tmp/mcln_pvground_runtime_20260908_v1/venv/include -I/root/miniconda3/envs/bdetr/include/python3.7m -c pcdet/ops/roiaware_pool3d/src/roiaware_pool3d_kernel.cu -o build/temp.linux-x86_64-3.7/pcdet/ops/roiaware_pool3d/src/roiaware_pool3d_kernel.o -D__CUDA_NO_HALF_OPERATORS__ -D__CUDA_NO_HALF_CONVERSIONS__ -D__CUDA_NO_BFLOAT16_CONVERSIONS__ -D__CUDA_NO_HALF2_OPERATORS__ --expt-relaxed-constexpr --compiler-options '-fPIC' -DTORCH_API_INCLUDE_EXTENSION_H -DPYBIND11_COMPILER_TYPE="_gcc" -DPYBIND11_STDLIB="_libstdcpp" -DPYBIND11_BUILD_ABI="_cxxabi1011" -DTORCH_EXTENSION_NAME=roiaware_pool3d_cuda -D_GLIBCXX_USE_CXX11_ABI=0 -gencode=arch=compute_80,code=sm_80 -std=c++14
creating build/lib.linux-x86_64-3.7/pcdet/ops/roiaware_pool3d
g++ -pthread -shared -B /opt/anaconda1anaconda2anaconda3/compiler_compat -L/opt/anaconda1anaconda2anaconda3/lib -Wl,-rpath=/opt/anaconda1anaconda2anaconda3/lib -Wl,--no-as-needed -Wl,--sysroot=/ build/temp.linux-x86_64-3.7/pcdet/ops/roiaware_pool3d/src/roiaware_pool3d.o build/temp.linux-x86_64-3.7/pcdet/ops/roiaware_pool3d/src/roiaware_pool3d_kernel.o -L/root/miniconda3/envs/bdetr/lib/python3.7/site-packages/torch/lib -L/usr/local/cuda/lib64 -lc10 -ltorch -ltorch_cpu -ltorch_python -lcudart -lc10_cuda -ltorch_cuda_cu -ltorch_cuda_cpp -o build/lib.linux-x86_64-3.7/pcdet/ops/roiaware_pool3d/roiaware_pool3d_cuda.cpython-37m-x86_64-linux-gnu.so
copying build/lib.linux-x86_64-3.7/pcdet/ops/pointnet2/pointnet2_stack/pointnet2_stack_cuda.cpython-37m-x86_64-linux-gnu.so -> pcdet/ops/pointnet2/pointnet2_stack
copying build/lib.linux-x86_64-3.7/pcdet/ops/roiaware_pool3d/roiaware_pool3d_cuda.cpython-37m-x86_64-linux-gnu.so -> pcdet/ops/roiaware_pool3d
/root/miniconda3/envs/bdetr/lib/python3.7/site-packages/torch/utils/cpp_extension.py:381: UserWarning: Attempted to use ninja as the BuildExtension backend but we could not find ninja.. Falling back to using the slow distutils backend.
  warnings.warn(msg.format('we could not find ninja.'))
/root/miniconda3/envs/bdetr/lib/python3.7/site-packages/torch/utils/cpp_extension.py:782: UserWarning: The detected CUDA version (11.6) has a minor version mismatch with the version that was used to compile PyTorch (11.1). Most likely this shouldn't be a problem.
  warnings.warn(CUDA_MISMATCH_WARN.format(cuda_str_version, torch.version.cuda))
Processing ./PV-Ground/pointnet2
Building wheels for collected packages: pointnet2
  Building wheel for pointnet2 (setup.py): started
  Building wheel for pointnet2 (setup.py): still running...
  Building wheel for pointnet2 (setup.py): still running...
  Building wheel for pointnet2 (setup.py): finished with status 'done'
  Created wheel for pointnet2: filename=pointnet2-0.0.0-cp37-cp37m-linux_x86_64.whl size=6601006 sha256=ae0768862556b0bb407df4fb669a7bdb1f1a231646a1df5c2a702f348ae06102
  Stored in directory: /tmp/pip-ephem-wheel-cache-fd9cwlxq/wheels/50/3d/a9/f30dc56418dc8f30793ded17654bc1954bcc62ef6d699243e3
Successfully built pointnet2
Installing collected packages: pointnet2
  Attempting uninstall: pointnet2
    Found existing installation: pointnet2 0.0.0
    Not uninstalling pointnet2 at /home/gb/new butd/butd_detr-main/MCLN-main/pointnet2, outside environment /root/autodl-tmp/mcln_pvground_runtime_20260908_v1/venv
    Can't uninstall 'pointnet2'. No files were found to uninstall.
Successfully installed pointnet2-0.0.0
Traceback (most recent call last):
  File "/root/autodl-tmp/mcln_pvground_runtime_20260908_v1/verify_pvground_runtime.py", line 117, in <module>
    main()
  File "/root/autodl-tmp/mcln_pvground_runtime_20260908_v1/verify_pvground_runtime.py", line 89, in main
    assert np.array_equal(coord, expected) and count == 1
AssertionError
Traceback (most recent call last):
  File "/root/autodl-tmp/mcln_pvground_runtime_20260908_v1/resume_compile_v2.py", line 33, in <module>
    subprocess.run([str(python), str(root / 'verify_pvground_runtime.py'), '--output', str(root / 'kernel_receipt.json')], cwd=str(root / 'PV-Ground'), env=environment, check=True)
  File "/root/miniconda3/envs/bdetr/lib/python3.7/subprocess.py", line 512, in run
    output=stdout, stderr=stderr)
subprocess.CalledProcessError: Command '['/root/autodl-tmp/mcln_pvground_runtime_20260908_v1/venv/bin/python', '/root/autodl-tmp/mcln_pvground_runtime_20260908_v1/verify_pvground_runtime.py', '--output', '/root/autodl-tmp/mcln_pvground_runtime_20260908_v1/kernel_receipt.json']' returned non-zero exit status 1.
